gene,importance
AREG,0.052238464270683335
APOOL,0.0463911518890995
MALAT1,0.03309184051226759
RPS18,0.03012797270186026
CFD,0.02382001750390609
SELL,0.02125409566157504
MSI2,0.020557744169208927
CXCL8,0.020230411574705984
FTL,0.019125058884624256
HSPA8,0.01906757748334227
TSC22D3,0.01564643670432173
SPINK2,0.015272932692812989
B2M,0.014834456752954755
EREG,0.013526968201414875
RNA5-8S,0.012905961718549132
JUN,0.012386935972836625
PKM,0.010529453393057433
CSTA,0.010168116153300271
GPX1,0.010053452495009406
CYBB,0.009644386200397427
MT-COX1,0.00886908700440027
ENO1,0.008670293976163352
FOS,0.008573999628797914
H3F3B,0.008350955468153199
KLF6,0.008189315021836624
NDUFV2,0.007529633065015995
SRGN,0.0071917507197800865
VIM,0.007113953615641343
IQGAP2,0.007062069280490905
HIST1H1D,0.006922769510598778
FTH1,0.006681014012577179
LYZ,0.006615764216449312
RNASE2,0.006611140429795257
MT-COX3,0.006504209547069166
FOSB,0.006439041983080611
MNDA,0.006348286779912168
IGLL1,0.006232850570450084
C1QBP,0.006202769625873317
ZFAS1,0.006134812027641614
CCT5,0.0060981476675123205
SNHG5,0.006068428005372369
YWHAE,0.005933312853005239
GNG11,0.005651725496344477
SLIRP,0.005612598202809318
RPS13,0.005492368956400925
CD36,0.005483279568148076
HBB,0.005472671777120877
CD52,0.005449175421459785
HINT1,0.005003354089568962
NCF4,0.004900366062148401
ANKRD28,0.004690309479117067
HNRNPC,0.004607122465717911
PROS1,0.004538018191434389
MT-ND4,0.004451762608975417
FAM26F,0.0043211706354669135
CDC42EP3,0.0043057152404196415
EPB41L2,0.0042121389823470854
GLO1,0.004192428999766107
HSPD1,0.004034656542007707
CRNDE,0.003915952943636797
MT-COX2,0.0037743273978780123
LRRC75A-AS1,0.003714767794027274
ANXA2,0.003353587804926065
SERBP1,0.0031767133460827595
CTSG,0.0031635565942687055
S100A8,0.0030691584098105477
TUBA1A,0.0030555474322052417
RPS10,0.0029778285248512697
FUCA1,0.002747058847401001
PFDN5,0.00273432933780482
RETN,0.002714806832742865
RPL18A,0.002683696915884159
LTA4H,0.0026445644380288843
EIF4G1,0.002599155858933405
ANXA1,0.0025483564664316193
RPL6,0.002537217615571405
PSMA7,0.002528501307202665
PCLAF,0.002503916885306362
IL7R,0.002490141777512922
TXN,0.0024824767751954902
HLA-DRA,0.002448941583962126
H2AFZ,0.002417301453739584
TCF4,0.0024076595464931918
STK17B,0.0023719203045050453
TYROBP,0.0023681745726922354
CSF1R,0.0023267714514348704
S100A9,0.0023223123420294035
MT-CYTB,0.0022975072374802996
RPL13,0.0022809041422291055
HSPA5,0.0022776496460937975
RPS20,0.002233264174085483
CCPG1,0.002207507379321747
MT-ATP6,0.002174108249714409
NUCB2,0.00209956225439289
TMSB4X,0.0020867721716952307
TMSB10,0.002066874998395025
ZNF711,0.002025578751431331
DNAJA1,0.0019945243821004838
HEMGN,0.001986007335840255
CPA3,0.0019151042622353365
RPL23,0.0018898533769067189
HLA-E,0.0018489289267343203
LDHB,0.0017814257073651817
HDDC2,0.0017493961020808163
ACTB,0.001700289760710364
HSP90AA1,0.0016915018713203125
NRIP1,0.001675382029199243
RPS5,0.0016239660182791546
RPS28,0.0016221429096351706
TTC3,0.0015947426368353363
CD69,0.0015827481854060227
TWISTNB,0.0015826610956247986
TUBB,0.0015719538862899955
RAB10,0.00156101322971275
PNISR,0.0015493294277808605
CLECL1,0.0015459608216560883
DSC2,0.0015280155032645379
HNRNPA2B1,0.0015185592710109175
CCT3,0.0014995999044540046
KPNA2,0.001492452124984444
YBX1,0.0014905969066301068
NCF2,0.0014889158114433315
RPS19,0.0014774378729587295
CCNB1,0.0014592578453022352
BASP1,0.0014407213153797742
H1FX,0.001426397284972865
ARGLU1,0.0014044800333910027
PPIA,0.0013947825383324628
SERF2,0.0013749102792842529
RNA18S,0.0013710453670583338
EIF2S2,0.0013594859055196073
CLEC12A,0.0013283289834524353
UBB,0.0012892691609328682
ZFR,0.0012831910518199651
CCT2,0.0012801710947816008
CDK6,0.0012777602093462512
S100A4,0.001245270297546042
CACYBP,0.0012438406933997967
GAPDH,0.0012229396423707173
OGFRL1,0.0012224215187512672
NME2,0.0012085187695516277
HMGB1,0.0012054347641538032
GNL3,0.0011700621857922019
NFKBIA,0.0011700539665641602
CALR,0.001165211537948756
RPS17,0.0011585431863339467
FCN1,0.0011528562612847422
MAN1A2,0.0011352041584786574
RPLP0P2,0.001106125066813616
HMGB2,0.001096190324017947
PIM1,0.001088226590513654
PNN,0.00106819619341095
CDK1,0.0010611412848956113
ACTG1,0.001055928215174762
COMMD6,0.0010519088893941972
SMC4,0.0010380065087966309
RPL29,0.0010373577009534832
ALAS1,0.0010347124371971224
AIF1,0.001012434083733957
YWHAB,0.0009866385276641092
LUC7L3,0.0009732311183936935
SOX4,0.000971448671834676
TPM3,0.0009543153126628372
PSMA3,0.0009525341758988441
GAS5,0.0009496406467073638
ATP5E,0.0009484814920112178
RPLP0,0.0009375103146368815
CCL5,0.0009345045143434555
EGR1,0.0009166839548275751
GMFB,0.0009161115803594135
RASSF4,0.00091241542881568
HSP90AB1,0.0009108150594432897
LCP1,0.0009021161126636997
NPM1,0.0008862675323344396
RNA28S,0.0008581651954077961
C8orf76,0.0008539027680006155
DNTT,0.0008481321259651489
SYNCRIP,0.0008372189342116814
AASDHPPT,0.0008343514287846547
RSL24D1,0.0008294229684624957
CDC42,0.0008250956025974357
DUT,0.0008192817634340488
SRPK1,0.000813733712703294
RPS16,0.0008105142582853633
SRSF5,0.0008088379809616837
PLAC8,0.0008071340955768933
CALM2,0.0007586995303669573
HIST1H4C,0.0007404112653003479
NPR3,0.0007311005954355437
FKBP4,0.0007243100386941133
RNVU1-14,0.0007178921526174487
STMN1,0.0007174163470050141
HBA2,0.0007107558185408903
CCL2,0.0007102913268022364
PABPC1,0.0007101943350681487
FGL2,0.0007035816695782697
VCAN,0.0006964828677062054
PHLDB2,0.0006941368768200193
HIST1H1B,0.0006869545097989675
RPL36,0.0006810521622158667
KCNJ3,0.0006805600013308212
HBD,0.00067239190175096
IDS,0.0006599119162445293
GAPT,0.0006446506521390291
HNRNPA1,0.0006428519669442828
PSAP,0.0006403494081641029
CPD,0.0006394819265118204
PSMB1,0.0006334247695909313
BMP2,0.0006322878533445825
RPL38,0.0006322163015723768
IFITM1,0.0006314314663767058
MACF1,0.000631074323265745
NCL,0.0006251225994523562
TNRC6B,0.0006038262330651261
MYH10,0.0005867332781876331
BCLAF1,0.0005856540626200612
FAM111B,0.0005786887751155251
ELANE,0.0005742373647034551
RPL8,0.0005739453161335248
SERPINA1,0.0005737023204764525
CA1,0.0005728370694374785
NACA,0.0005717678252546012
HNRNPK,0.0005558479169556663
HIBADH,0.0005557462324408428
DDX5,0.0005528596676232741
SRSF3,0.0005520696720037663
RPL23A,0.0005513264072417593
CD164,0.000544294817381085
NAP1L1,0.0005442704477367398
PNRC1,0.0005423755197339191
BTF3,0.0005396936366702733
MORF4L1,0.000535789151183471
RSL1D1,0.0005347682615129781
SDC2,0.0005323710567986185
EIF4B,0.0005297521304058764
HNRNPH1,0.0005281416216689949
VPS13C,0.0005247603857441115
MGLL,0.0005233313353996651
IGFBP5,0.0005158248336279822
KPNB1,0.0005052094319412777
SKP1,0.0005038245084966189
CTSS,0.0004964134404444501
TMA7,0.0004947811766373811
IFI6,0.00048054535175114663
HSP90B1,0.00047895705581502623
AHSP,0.0004770611259870089
RPS14P3,0.00047629694060580193
POMP,0.0004714529508284815
CAVIN2,0.0004696417075994351
SNRPE,0.00046835271438691573
CANX,0.0004573290905486341
PDIA3,0.00045729701785195907
TIMM17A,0.00045363576177951943
MATR3,0.00045187369150675316
RPL28,0.0004482794548774126
PUS7,0.00044071640717093034
RPL22L1,0.0004325036897589513
SAMSN1,0.00042896814431821304
JCHAIN,0.00042704153800376406
NDUFA4,0.0004259421390548422
MYC,0.0004259220442076913
TXNIP,0.00042494842917118505
COX7A2,0.0004221438545335212
RGS2,0.00042197274948779594
APLP2,0.00041794784636669505
HNMT,0.00041687805967923603
EID1,0.0004131418126839245
UBA52,0.00041290919877215947
S100P,0.0004122019249913523
NUCKS1,0.000411587875669455
CLIC2,0.00040971238901238986
RBMX,0.0004089599134064717
UQCRH,0.00040534807169285584
SERPINB1,0.00040461032538261643
MT-ND2,0.0003994013293712364
HNRNPDL,0.00039350862756985984
HMGN2,0.00038973060110115623
HBE1,0.0003885821129687738
LTBR,0.0003839879741022581
CYB5B,0.00038392260399543307
VTA1,0.00038032983714817115
TRMT10C,0.000378008646190929
LAMP5,0.0003770669417580008
CRYBG1,0.000370347322714377
SF3B1,0.0003658409989527512
EIF2S3,0.00036404102865894393
BEX1,0.0003636470000184241
PPIP5K2,0.00036325512110350184
PTPRC,0.0003624580722581004
C5AR1,0.0003608635634407506
HNRNPA3,0.0003510029689016814
CSDE1,0.0003483275127132663
S100A12,0.0003366614001006641
RBM39,0.00033575019422028385
TOP2A,0.0003356672376711733
NIPBL,0.0003345180598891558
SON,0.0003330667870645819
UQCRB,0.0003329369801011926
COX4I1,0.00033156112884093913
MME,0.00032862864005060916
ZWINT,0.00032513571006001214
UBXN1,0.00032343558865033465
HIST1H1C,0.0003231054880105172
CCDC173,0.00032047348254475615
MYO5C,0.0003120836163251836
PRRC2C,0.0003115841896679803
ATP5L,0.00030840181476035286
RPS26,0.0003074491303802531
SNHG8,0.0003057465791062051
IL1RN,0.00029987089759899897
MRPL44,0.0002978327667435919
TMPO,0.00029338136825443015
MYCT1,0.0002929341373284072
POLE,0.0002918466191619575
SSR4,0.0002912063158361848
YWHAZ,0.0002907509611798206
MZB1,0.0002890630436774899
MYADM,0.00028713984958366395
PCM1,0.00028707876619301395
RAB27B,0.00028286375660255324
PLBD1,0.0002809217916797473
SET,0.0002788753097697865
GLMN,0.0002769387378544127
ST13,0.0002758279500245654
HLA-DQA1,0.0002753287683828988
HHEX,0.00027197652749627073
CPNE8,0.0002709931839053664
KCNE3,0.0002654073564430013
CENPF,0.000261650173857225
HIST1H1E,0.00026106154446627267
LRRC37A4P,0.0002610342528116424
MPO,0.0002592662704891538
SAMHD1,0.00025879671957795906
MS4A6A,0.00025817799466943303
HNRNPU,0.00025126662576715266
BPI,0.00025012441522638535
ZNF667-AS1,0.0002487753267180018
COX7A2L,0.0002480845127435696
NLN,0.00024711298098211245
MS4A3,0.00024668847565438795
NAMPT,0.000245279133347304
IGLL5,0.00024510584244169785
NOP58,0.00024411933720256795
PLIN2,0.00024187937079140194
EXOSC4,0.00023994201112340226
FPR1,0.00023480383772561537
VPREB1,0.00023215532088381702
SNORD89,0.0002301385657931472
SLC39A14,0.0002292517098369278
CAMK2D,0.0002291775423381884
PAG1,0.00022887090465173866
ANGPT1,0.00022298927077900806
MRPL58,0.00022142586275521
C11orf58,0.0002213795452628496
POP7,0.0002194047636977528
IL2RG,0.00021885209371533872
BCL2A1,0.0002174300681022318
CD34,0.00021735716441029283
TOR1AIP1,0.00021591083459286423
NUSAP1,0.00021127973368240583
XAF1,0.00020846934218198283
PSMB5,0.00020787078447590812
INTS10,0.00020740375068455013
ACADVL,0.00020740242906385324
ADD2,0.00020537588694352008
C5orf51,0.00020446026011500484
RAB27A,0.00020422494461210308
CDKN1A,0.00020256564804518065
GOT2,0.00019762358059460618
CSGALNACT2,0.00019517124529010908
MPC2,0.0001950821187332024
CD3G,0.0001929270140974509
ID2,0.00019217727280312826
CGGBP1,0.0001901728030519907
MKI67,0.00018977639467744644
LRRC70,0.00018915203240651881
NBPF8,0.00018748165985713283
RRP1B,0.00018722410723920717
TP53INP1,0.00018609875747552677
SLC25A36,0.00018520912292893473
GON7,0.00018440208799192312
SAFB,0.00018365312849488567
DNAJC12,0.0001830191937322244
ASPM,0.00018277282183357498
CD79B,0.00018273053239988113
HIST1H2AM,0.0001821460561147237
IFT57,0.00018054184516937954
HP,0.00017993363993897273
EBPL,0.00017897270356938066
IFI30,0.0001779907321031623
WASHC4,0.00017622173094223098
ERLIN1,0.0001723056119896639
CCR1,0.0001700792136631318
FCAR,0.00016985099361676074
AZU1,0.00016850071769211727
UTP23,0.00016598076555060455
C21orf33,0.00016572772915240074
ETS1,0.00016503487799206763
MAN2B1,0.00016440654828751174
SMARCD1,0.00016261934214299465
IGSF6,0.000162186232996087
IRX5,0.00016217018860355527
ELMSAN1,0.00016008030663982074
SATB1,0.00015961690031316686
SNHG12,0.0001592933993668755
NEK7,0.00015735531612061902
ANKRD36BP2,0.00015604977719821153
RBM5,0.0001558108102414962
SYNE2,0.00015526474812457115
SERPINB2,0.0001547549313223474
HBA1,0.00015279952793269359
AKAP12,0.00015236564214894183
RHAG,0.0001505015530569506
C1orf228,0.00015008253876394674
SKAP1,0.00014956062533580432
STAG2,0.00014902593050246808
ATMIN,0.00014820886204069535
FLI1,0.00014806795725437008
HBBP1,0.00014805379383295568
SLC40A1,0.00014752640409898082
ITGAE,0.00014678147233815122
PXDN,0.00014447088022142163
CAMLG,0.00014311911162159062
USP39,0.00014311087993031308
MRPL54,0.0001430946160010494
SDCCAG8,0.0001430281590937787
TMIGD2,0.00014060387169857706
ZRANB2,0.0001401735128397811
CDC16,0.0001377604472828712
CLC,0.00013603594023864604
CLEC5A,0.00013595274545095663
MRPS31,0.0001355141575172677
UBE2G1,0.00013318918832707
GID8,0.00013314917883505212
PSMD10,0.00013232806842020136
TPD52,0.0001318611411050325
SPIRE1,0.0001310191879968478
EXOSC3,0.0001309167684696336
IFI44,0.0001299615615737531
KRT17,0.00012965433738185237
MAP1A,0.00012945299135145696
TBC1D9B,0.00012766843079116974
SMIM7,0.00012667877105294615
SPPL2A,0.0001253421627492689
SPAG16,0.0001252244387906056
RIPK2,0.00012485126791642962
SMIM10,0.00012459137128549856
AGPS,0.00012447576137830394
CHD1L,0.00012436242145889772
CLEC7A,0.00012430686558827662
SMIM3,0.00012377425635470705
APH1B,0.00012343549195069567
MYD88,0.0001232495002426931
ZNF827,0.00012296908682388126
PRG2,0.00012289493684323262
CACNA2D4,0.0001227271763339292
CENPE,0.00012214593430713233
FAM98A,0.00012172130020581371
CAPRIN2,0.00012165119596168392
NUDT16L1,0.00012152295527797247
EZH2,0.00012131405678970208
DOK1,0.00012035153918334157
STAT5A,0.00012034392796558868
FPR2,0.00012016809852511662
TUBA4A,0.00011977761367866786
LAMTOR3,0.00011940718767758839
EPHB6,0.0001185560512519345
UHRF1BP1L,0.00011840997669035286
TADA3,0.00011801507161146837
CNPY3,0.00011786822518256978
NINJ1,0.00011774758315146873
WDFY3,0.00011754850077913565
EBF1,0.00011721870522852455
EPSTI1,0.00011683330594446903
THBS1,0.0001167795274927421
STX3,0.0001167186694497631
BCL2L12,0.00011596977085152851
GIMAP4,0.0001143750502438233
ZHX1,0.00011369375057669391
XYLT1,0.00011341475826713866
DRAM1,0.00011173225675910299
ZMYM2,0.00011171308178613625
BAHCC1,0.00011165425601483127
SKP2,0.000110422040770961
AKT3,0.00010989140925631477
PHACTR1,0.00010987676707647264
ACPP,0.0001095861901030418
CNN2,0.00010857678388254678
NSMCE1,0.0001079364716087884
CEACAM8,0.0001076807547716327
HPGD,0.00010762340076004006
ACBD3,0.00010726578548164117
ZZZ3,0.00010660849312611917
TMCO3,0.00010586968793141779
SUCO,0.00010574732470815437
GFI1,0.00010562881268414935
STEAP4,0.00010478117865150049
SH3BP1,0.00010476755969745397
IL18,0.00010443091697438338
SDF2,0.00010403462457170405
YTHDF1,0.00010374785772414198
MRGBP,0.0001032797671292593
USP36,0.00010295031845805772
RHOH,0.00010271883708616257
MAPKAP1,0.00010246508877235033
RNF113A,0.00010230509327214674
DPP7,0.00010178622992260283
F13A1,0.00010172906695679874
GPAA1,0.00010164273626194079
ZNF184,0.00010051615828532839
FASTKD3,0.00010015679612776442
SCYL2,9.995705213401124e-05
FXYD5,9.98868050977716e-05
SACM1L,9.986918994239002e-05
METTL23,9.973692641679429e-05
DCTN1,9.912757192572142e-05
ICA1,9.821349410944671e-05
PTPRCAP,9.80714711472903e-05
VCPIP1,9.792388344956507e-05
CUEDC2,9.787804823767884e-05
CAVIN1,9.745593713329893e-05
C9orf72,9.740873077727859e-05
APOBEC3A,9.740318425194554e-05
POLB,9.721032518754482e-05
B3GALNT1,9.717631152634573e-05
LRRC41,9.679940817684465e-05
CYSLTR1,9.66589716857948e-05
CCNT2,9.641932350623654e-05
LOC100190986,9.615010961716487e-05
BATF,9.580655473445729e-05
AP1G1,9.566007543496644e-05
LRIF1,9.431656128117128e-05
LRRC8C,9.421273305389432e-05
STT3A,9.400431857075852e-05
DSN1,9.38263267459716e-05
TRIM58,9.377849198506882e-05
TSFM,9.328777519743209e-05
TEC,9.313227238478233e-05
C12orf29,9.306480455164806e-05
RAD18,9.248857382993337e-05
FAM13A,9.23113793807895e-05
C15orf61,9.214252455786901e-05
COG2,9.167569669340522e-05
TFG,9.162002187990539e-05
PLA2G4A,9.126600224100887e-05
ARL2BP,9.114513374158329e-05
ELF4,9.095453269500087e-05
PRSS2,9.088233281879278e-05
CD55,9.064977426908993e-05
CNN3,9.061922214198541e-05
CREBRF,9.00717985065294e-05
RWDD2B,8.978693077212547e-05
PRPF6,8.964616474915232e-05
USP28,8.950592538311903e-05
MIGA1,8.912148829312118e-05
NFRKB,8.892348711451226e-05
BEND5,8.885428436267893e-05
IKZF3,8.853220413036586e-05
EBLN3P,8.847343657068697e-05
GATB,8.836223835902629e-05
PPIH,8.830050086773767e-05
DDIAS,8.762072542575791e-05
ATXN3,8.750191931487802e-05
RYBP,8.726638521743931e-05
RAD17,8.725428054807283e-05
SCLT1,8.71447674513474e-05
UHRF2,8.68285492904982e-05
PACSIN2,8.682453483632186e-05
MGAM,8.680794648549675e-05
IDNK,8.630250660947574e-05
DDX60,8.58568945732766e-05
MYLK,8.574114513285513e-05
CIAPIN1,8.509122963020258e-05
MAPKAPK3,8.475794644623086e-05
LATS2,8.428376951485752e-05
RNF13,8.427876294151659e-05
BECN1,8.420986400561703e-05
EIF2B3,8.38370307106918e-05
PPP2R5D,8.38040532161001e-05
SUCNR1,8.325659087678254e-05
SVIL,8.219905943341108e-05
PYHIN1,8.182065788695292e-05
ASXL1,8.17561298331656e-05
NTN1,8.151786586851202e-05
ARMC6,8.079011325945367e-05
TRIQK,8.073375182535568e-05
CEP68,8.049794406557021e-05
TC2N,8.046351225488619e-05
MLPH,8.041161942650732e-05
GATA2,7.9913326413216e-05
ERLIN2,7.983706414485748e-05
SRPK2,7.970436614073442e-05
CYB5A,7.967313460053003e-05
UGCG,7.94727173179853e-05
BAG2,7.942885241127823e-05
CD14,7.924231995292669e-05
MRPL34,7.921726971218412e-05
SDF2L1,7.911581483588921e-05
NAAA,7.855345458852449e-05
MN1,7.828174133370604e-05
DRAM2,7.824319051547509e-05
LYL1,7.823646430065335e-05
PRTN3,7.814113313322102e-05
JAZF1,7.809570962857253e-05
IFIT3,7.804060859542959e-05
WBP1L,7.801611246719911e-05
HIST3H2A,7.783799087951278e-05
ZNF639,7.782694762727713e-05
GLA,7.780249236864629e-05
ARPP21,7.718808087307033e-05
EMP1,7.705735728272142e-05
RNVU1-19,7.694459566470617e-05
SLC25A46,7.692093057820832e-05
CORO1B,7.677362440555568e-05
MTMR2,7.66635199711598e-05
ZBTB33,7.598933308515665e-05
CTSZ,7.575538955111287e-05
UBR1,7.572913419135958e-05
NEIL3,7.567378847155947e-05
PROM1,7.561550806070295e-05
R3HCC1,7.546956951511032e-05
RIOX2,7.531823072709588e-05
MAP3K11,7.511528374442756e-05
SEC11C,7.498360498032259e-05
TLE3,7.494407731915164e-05
GLRX2,7.470012941716351e-05
DMC1,7.459541971675624e-05
RGL4,7.457477785868982e-05
CD4,7.451770736860414e-05
CENPBD1P1,7.408905019960577e-05
MBP,7.381281986471939e-05
RNF2,7.371961012743019e-05
TEX9,7.368341612100859e-05
RGL2,7.287277186691392e-05
ENPP2,7.285892992098577e-05
ZSWIM7,7.282178302154363e-05
TRAFD1,7.275265664651637e-05
TRIO,7.264502085128366e-05
RABGAP1,7.24864172234196e-05
AP3D1,7.230360613674933e-05
CEP89,7.221146807596802e-05
TRG-AS1,7.218372656928532e-05
CNOT10,7.210012041799124e-05
SENP5,7.207022434703754e-05
LEF1,7.190736719964127e-05
PTPRD,7.181550614012713e-05
AMOTL1,7.160338902030262e-05
H2AFY2,7.133202386707157e-05
HADH,7.118302336983759e-05
MRPS18A,7.112447056519783e-05
PHTF2,7.096072482201573e-05
ARFGAP2,7.087629188114786e-05
PTOV1-AS1,7.080869389581803e-05
ANGEL2,7.071485150823611e-05
DDX23,7.071211198269929e-05
YPEL2,7.053430949746482e-05
ATF1,7.030812327874204e-05
MTF1,7.02859275210128e-05
TRIM26,7.017406566477877e-05
NAA16,7.015562137754692e-05
CXCL1,7.011586834478532e-05
FBP1,7.002990005797604e-05
SLC12A2,6.995183119513408e-05
ZNF254,6.97965393976525e-05
MYBBP1A,6.975231612336668e-05
XPO5,6.965746493738253e-05
C11orf1,6.965561984816474e-05
CDC42P3,6.959706166700162e-05
TRPM2,6.948103992559288e-05
POLR2M,6.91930574121268e-05
ENOPH1,6.908744058626872e-05
GRAMD4,6.90142612713364e-05
PIK3C3,6.900430702128796e-05
ISG20,6.899532658807429e-05
PEX19,6.874757427965173e-05
EIF2B1,6.869848601967517e-05
LTB,6.858443139565793e-05
MGAT5,6.842901047710949e-05
POGK,6.838524478964118e-05
HOTAIRM1,6.81217954997281e-05
GRK6,6.80766038097372e-05
ZNF33B,6.802456956447893e-05
TCEAL1,6.796413887948596e-05
BLM,6.793462643219479e-05
MON2,6.782872831464854e-05
CSF2RB,6.772377932256933e-05
TSTD2,6.761018563160606e-05
RPRD1A,6.746954116128531e-05
MKNK2,6.741308068355071e-05
RARA,6.730037447650342e-05
GOLGA7,6.706070588782222e-05
AAGAB,6.70316114553126e-05
C1orf174,6.677326693577671e-05
HIST1H3D,6.669078808934752e-05
CD24,6.661494118727411e-05
UAP1,6.649075237813807e-05
ODF2,6.642536361145972e-05
DNAJB4,6.630410078250186e-05
SUPV3L1,6.574765789004208e-05
BRWD3,6.568940018454769e-05
C2orf88,6.550628959718264e-05
SMC1B,6.546104982013654e-05
PDLIM2,6.500315065933053e-05
OXNAD1,6.4875883186802e-05
TMEM181,6.456678505853023e-05
VIM-AS1,6.44988852825079e-05
LOC101929586,6.446087983288929e-05
DDX51,6.445052717386836e-05
COPG1,6.43812862763052e-05
RFTN1,6.422699468501527e-05
ESYT1,6.410068078082109e-05
HMGCR,6.40314033607271e-05
TTC9C,6.401094383703071e-05
MGC72080,6.395579531785164e-05
CDC37L1,6.379506059921888e-05
CTBS,6.33034557655582e-05
EGLN2,6.311675483779356e-05
FARSB,6.308951830490185e-05
ARHGAP4,6.306228234318978e-05
GRK5,6.305374112642089e-05
TMEM131,6.300852804523315e-05
RPA1,6.298824033454364e-05
SLC52A2,6.298040684768255e-05
ZCCHC2,6.293014816640195e-05
WDR77,6.219822279298429e-05
NFU1,6.21508707373051e-05
SIKE1,6.214839546598104e-05
PPP1R10,6.20000655659891e-05
SLC7A6,6.181357546842401e-05
SCRN3,6.172538719966691e-05
PWWP2A,6.161637580317944e-05
CUL3,6.153832482079464e-05
CCDC125,6.15244256748388e-05
HCFC2,6.150380398712043e-05
HSD17B10,6.135848283119219e-05
HES1,6.132656861791821e-05
C5orf56,6.119138827839058e-05
PRCP,6.111170837639603e-05
FAM126A,6.107505297779519e-05
FKBP11,6.104710599056225e-05
ZNF75A,6.1030929511474765e-05
RELA,6.029531140392839e-05
ZNF277,6.015637676810111e-05
USP9Y,6.0114985995649305e-05
GTF2E1,6.001625993441796e-05
TMED8,5.984177304997274e-05
ABHD3,5.981303633105819e-05
COA7,5.9615532093554924e-05
RCOR3,5.95271664213457e-05
TOGARAM1,5.952334073733222e-05
ZMYM3,5.950388349413655e-05
SMIM29,5.949661563729989e-05
CMTM7,5.948956624272436e-05
DEAF1,5.928851612691315e-05
UBA6,5.922486089908622e-05
BTN3A1,5.920211660895819e-05
DSG2,5.914086656066354e-05
NIT2,5.9126186686701474e-05
ZNF880,5.909196727193308e-05
TSPAN2,5.897824203127246e-05
SS18L1,5.8874701901883545e-05
FAM217B,5.8663580933311985e-05
HBQ1,5.855647511293186e-05
KLHL12,5.8325956381336486e-05
NT5DC1,5.815084513864566e-05
CHRDL1,5.785627671347968e-05
ZNF664,5.766957349104509e-05
NFXL1,5.763531837573211e-05
DPF2,5.7632820571797116e-05
FOXK1,5.760627817720594e-05
LCA5,5.753781171030935e-05
PROK2,5.731439909446676e-05
SERPINB8,5.728485087282591e-05
TBC1D4,5.719124093414181e-05
LINC01278,5.662310907797249e-05
CHRNB1,5.6542025874633675e-05
BBC3,5.63614262312134e-05
RNF170,5.632812372390719e-05
ZBTB41,5.629400845655614e-05
HIST1H2AG,5.618573719349837e-05
EXD2,5.6110538031826885e-05
CHMP7,5.6050898611741076e-05
RPS6KA5,5.58334295359038e-05
CDADC1,5.558797175965786e-05
TTC19,5.539756895876522e-05
ZNF569,5.5312511358928646e-05
UGT3A2,5.526163934502501e-05
C1orf35,5.519963906660076e-05
HELQ,5.503751877239582e-05
LOC100286925,5.503630333961672e-05
ALDH7A1,5.497238628653919e-05
PLXNA1,5.494275185887201e-05
DROSHA,5.489406047715661e-05
CASP6,5.4826989778262944e-05
MANBA,5.4639289970344174e-05
ZNF354A,5.462147663962223e-05
TMEM267,5.441867368865744e-05
ARHGEF18,5.437912491382693e-05
RAB29,5.437212355455549e-05
CD2,5.430085555141056e-05
PLD1,5.419900650127268e-05
CNOT11,5.3872818715962215e-05
SLC38A9,5.3695069576678356e-05
SDHAF1,5.355626036305767e-05
NUP35,5.355534975939716e-05
SIRT5,5.335427850942841e-05
NCOA5,5.326312297608989e-05
CCDC28A,5.322329273902446e-05
C18orf8,5.288585054194248e-05
SUPT3H,5.281541964680108e-05
LOC100289495,5.268817614309787e-05
TMEM127,5.268208123245682e-05
QSOX2,5.2659130582253254e-05
FAM120B,5.261936404333245e-05
PTPN18,5.243317259239635e-05
BMS1P5,5.241156604668491e-05
MTERF3,5.2333097608052014e-05
CSRP1,5.229573802506396e-05
ZNF273,5.219431870363109e-05
C19orf38,5.2180148595542594e-05
DRG1,5.202941928578611e-05
BIVM,5.201276785960995e-05
DNAJC9-AS1,5.186799960710175e-05
AP1AR,5.18412275758724e-05
ONECUT2,5.153815500981173e-05
SCN3A,5.153552022455113e-05
CHAMP1,5.147675622895897e-05
L3MBTL4,5.1463126658180565e-05
ACTR8,5.1419102359473535e-05
TOP3B,5.140813240536049e-05
RBM15B,5.104901841413679e-05
ACSM3,5.103953421939561e-05
IL1B,5.0958245490048004e-05
PAWR,5.082259574690711e-05
CDKN2AIP,5.077686647089437e-05
BANK1,5.027217458288644e-05
DYRK4,5.00404028394884e-05
ABCA5,5.003326477489798e-05
MFSD11,5.0028653237648784e-05
LYSMD2,5.001753052179863e-05
QDPR,4.999977072383791e-05
P2RY13,4.991014086112488e-05
ZFAND4,4.9813795080479955e-05
PGAM5,4.970124315910186e-05
TMEM192,4.963426922438244e-05
ZNF84,4.961346492910116e-05
PPFIA2,4.958175348201506e-05
KEAP1,4.9268064365871645e-05
RIPOR3,4.918512733580406e-05
EBF3,4.91186689462994e-05
PSD3,4.90661816257061e-05
LGALS12,4.905201087723519e-05
ZC3H8,4.882603561964423e-05
NEMP1,4.878716608534104e-05
NIPAL3,4.876663140025838e-05
FOXJ2,4.87630455824568e-05
WWC3,4.868805065150942e-05
TNFRSF14,4.863924853721854e-05
RNF103,4.8568472318475414e-05
OGDH,4.85028677075939e-05
RCAN3,4.836225707905604e-05
ZBED5,4.824196439548304e-05
IFI44L,4.783701614302482e-05
CCDC115,4.780519250257762e-05
ARMCX3,4.7783842624673446e-05
RSAD2,4.77348371112655e-05
MLC1,4.7667077307476016e-05
RPARP-AS1,4.759952202031549e-05
MRPL55,4.735235104029388e-05
SH3BGRL2,4.7299832032485914e-05
ABCC1,4.727822465581994e-05
TANC1,4.7219464920701394e-05
B4GALT7,4.7182037152656565e-05
NEPRO,4.6956618458057264e-05
ZNF713,4.6844135802523226e-05
LY96,4.6762924159235565e-05
KDM4B,4.675937564225033e-05
GATA1,4.675278487560736e-05
TTLL7,4.6504818144908965e-05
GFER,4.642822052270237e-05
TRNAU1AP,4.630837474696569e-05
TIFA,4.6306093669306944e-05
RFX3,4.6263168522017956e-05
GPAM,4.621885530397224e-05
NINJ2,4.599208512009087e-05
PRADC1,4.592113011418492e-05
ZNF227,4.584218319592283e-05
WASL,4.583526001657748e-05
GABPA,4.557348495611672e-05
FTCDNL1,4.5527714983898306e-05
ZNF800,4.541373976670653e-05
EEF1AKMT1,4.532443624196942e-05
FAM129B,4.511930808839658e-05
GRAMD1A,4.5118689540742956e-05
TMEM136,4.490062278625583e-05
CNNM3,4.475391969651202e-05
ZNF286A,4.4706491089597605e-05
PLEKHA7,4.465787120975196e-05
PNPO,4.456326040045514e-05
C11orf49,4.420448929859768e-05
PPIAP30,4.418361399857202e-05
PCIF1,4.388806312517899e-05
HPGDS,4.381248429763691e-05
RXRA,4.367714664522221e-05
CROCC,4.365900420769262e-05
STK25,4.351858477360502e-05
SLC33A1,4.327411901710754e-05
TOMM34,4.324526837283789e-05
C1orf123,4.3230938186874974e-05
PALLD,4.32231053708138e-05
RELB,4.29442040034391e-05
NUPL2,4.28765807737399e-05
RFTN2,4.284868935705605e-05
MX1,4.27508512115603e-05
LNPEP,4.27222776545331e-05
PLEKHA1,4.270391905946243e-05
LEPR,4.264958288338095e-05
SDHAP3,4.252516470329712e-05
PIGQ,4.252026337852349e-05
STOML1,4.2446411571241e-05
ZNF407,4.24159127360892e-05
PP7080,4.2361152012287465e-05
GTPBP6,4.229197037478036e-05
ATG4C,4.2252552733392044e-05
SRP14-AS1,4.2190644150953397e-05
FCER1A,4.217928077248051e-05
NDEL1,4.2131928361384214e-05
SPIB,4.212056665998896e-05
CD3D,4.2055205451311294e-05
TLN2,4.192011213209072e-05
STARD8,4.189542495593677e-05
RYK,4.184578436879951e-05
CYSLTR2,4.183502938724424e-05
WDSUB1,4.174310652900817e-05
PIM2,4.162546025383249e-05
UBL7-AS1,4.1554915166921326e-05
TCTEX1D1,4.1464303981382764e-05
TVP23C,4.1426289817779163e-05
UCA1,4.1226286341793986e-05
GYPA,4.112959750021461e-05
PEX3,4.110134348397851e-05
UNC45A,4.1091471515526754e-05
CACNB2,4.0876428684062857e-05
VPS33B,4.073577198897134e-05
VPREB3,4.065164564528826e-05
CCR7,4.0615388312845864e-05
TMEM218,4.058153556117434e-05
SYNRG,4.055124789457098e-05
STIM2,4.046558690232261e-05
GYG2,4.039060498743634e-05
ZNF595,4.028166876699594e-05
ADPRM,4.026504873624831e-05
LOC389765,4.015319205552757e-05
CAMK1,4.0077777720437403e-05
MTOR,3.9932455734788405e-05
ALDH3A2,3.981478808470637e-05
CTAGE7P,3.977581796888896e-05
DHX16,3.9709028848495094e-05
SLC16A6,3.9656804811129484e-05
GMDS,3.9617193272882464e-05
TTC12,3.944286690322532e-05
LOC100294145,3.941548764205176e-05
TUBGCP4,3.920960354245365e-05
SLC8B1,3.912358126268907e-05
GRAMD1B,3.8984534250616224e-05
MAP2K1,3.8932831400547216e-05
STK40,3.8925021906798415e-05
LCMT1,3.8663312438875904e-05
CPNE2,3.8658022371218174e-05
ALOX5,3.8499871464514475e-05
PTP4A3,3.843865691884937e-05
CDK14,3.832151593382671e-05
KYNU,3.824739418732294e-05
YRDC,3.8234314682667294e-05
PLS3,3.8135478598803173e-05
DBNDD2,3.8128663888339585e-05
PIGN,3.812288174671765e-05
TEKT4P2,3.8076889659428103e-05
PRKCQ-AS1,3.800847680397416e-05
NUMB,3.797613885879243e-05
RND2,3.774417180984777e-05
ZNF26,3.766597195192907e-05
ALPK1,3.747160973029857e-05
ZNF879,3.745218246202023e-05
LINC01504,3.743561466495224e-05
PIEZO1,3.7411727432160005e-05
TCL1A,3.739903591272305e-05
PDE5A,3.735183196204206e-05
HAL,3.731965460666622e-05
RNF111,3.725323689310445e-05
ZNF524,3.723393826891932e-05
PCED1A,3.7082581577131365e-05
SLC15A4,3.705773801463348e-05
HIVEP2,3.6979921009036506e-05
ZNF528-AS1,3.696386516228897e-05
FAS,3.694424775949181e-05
PHRF1,3.6876431070799896e-05
MPI,3.68370460702309e-05
APLF,3.6595771526160326e-05
RPS4Y2,3.6586938197058364e-05
KCNMB3,3.6532529169601647e-05
APOE,3.6523535902587825e-05
LOC101926935,3.649677749279242e-05
STAR,3.648157091418109e-05
ABCB7,3.644176339131719e-05
SERPINI1,3.643883195555232e-05
TIGD2,3.643828015019922e-05
DNAJC16,3.640614099221038e-05
LINC00367,3.639478522457069e-05
TMEM143,3.6391750157186685e-05
SIRPB1,3.6346575332963515e-05
MEPCE,3.634091398698998e-05
DDX28,3.6303335928501604e-05
KANK4,3.627224334081482e-05
LPAR1,3.622657069298485e-05
PPP1R3E,3.615493319040613e-05
CREBL2,3.6143692545525534e-05
RXFP2,3.61089066733945e-05
MIIP,3.60756457139145e-05
FBXO48,3.607111893772329e-05
LINC00216,3.600953084899593e-05
FAM114A2,3.596586857471453e-05
YTHDF3-AS1,3.5965250246495366e-05
ARMC9,3.596434631121678e-05
SEMA4C,3.5810943816269155e-05
ZNF496,3.579322342325899e-05
LRRC34,3.579062359833105e-05
TBCEL,3.574334438320444e-05
CBX8,3.5183765639675315e-05
SBNO2,3.507078913946991e-05
DEF6,3.503957224272579e-05
IL1RL1,3.492419254880552e-05
LOC100507291,3.487494618211927e-05
ECI1,3.475935377099971e-05
LENG1,3.46761273823116e-05
TIMP3,3.46287458540151e-05
TPST1,3.462162801152812e-05
MICAL2,3.460096433170914e-05
JDP2,3.453188490810977e-05
PLA2G15,3.423632279783774e-05
LRCH4,3.4223864956364495e-05
ZEB1,3.421305523823616e-05
ZCCHC3,3.420960151525155e-05
LOC100130357,3.401179659945333e-05
UBE2H,3.376633360238547e-05
NRTN,3.369921886124116e-05
CCDC81,3.3688115318989e-05
NUP160,3.36681329894934e-05
ZNF788,3.363618984020186e-05
SLC25A29,3.362121082427099e-05
DYNLL2,3.3524978100741316e-05
NCK2,3.348321025889874e-05
PCED1B-AS1,3.3459651021793555e-05
RUBCNL,3.326140506917532e-05
GSDMA,3.3114130494910174e-05
RTN1,3.297928769457689e-05
KLHL28,3.2970805007925775e-05
ADAL,3.294800408999564e-05
FN1,3.290928371998982e-05
LOC100996251,3.2876007215215176e-05
MGMT,3.284802674144174e-05
USP13,3.283300672049395e-05
COQ5,3.27483462325336e-05
MIEN1,3.268204843446794e-05
CLHC1,3.257712622387449e-05
CHI3L1,3.2474935023229295e-05
ATP6V0D1,3.246242660272144e-05
KIAA0141,3.244903231093781e-05
EME1,3.23687435064442e-05
IFITM4P,3.236052332052651e-05
COL5A1,3.2288860177792865e-05
GPR141,3.2244347154346846e-05
RRAGD,3.221837011549504e-05
CT55,3.2071311188470715e-05
CRY1,3.19887623498628e-05
MINCR,3.196085976894442e-05
BET1L,3.1908062827990484e-05
TGIF2,3.18785703234498e-05
NFATC1,3.18627736742567e-05
CTSW,3.1852754106123384e-05
LINC02486,3.1810158926708086e-05
PWWP2B,3.171497160168758e-05
PCDHA9,3.1699537795215054e-05
WT1,3.1577688080218955e-05
MIR632,3.142567581312194e-05
NOL6,3.142566000728905e-05
KLHL15,3.1417182183815784e-05
LINC01205,3.139692979028534e-05
TRIM32,3.12485593305673e-05
AMOT,3.11871470750793e-05
ARHGAP22,3.115557335946101e-05
RAG1,3.105919396391498e-05
SLC25A28,3.104980605166854e-05
MED4-AS1,3.1038939814648884e-05
LPCAT3,3.09942355245975e-05
ZNF532,3.099420253446181e-05
CXADR,3.092011517813902e-05
TBC1D10B,3.090406716557651e-05
C9orf84,3.074954758973269e-05
CSNK1D,3.0610990807803065e-05
PVR,3.0569599949380464e-05
G6PC3,3.0415717976482872e-05
C16orf74,3.0363718460791657e-05
CLN3,3.0309571480965303e-05
ZNF740,3.0124511039119786e-05
C12orf76,3.0004463769781522e-05
RALGAPB,2.9856799319484235e-05
CEACAM5,2.979684894079892e-05
ECE1,2.9735139823375157e-05
SELP,2.9721675337303585e-05
ZYG11B,2.9664861086101622e-05
ARL6,2.963129964967324e-05
SLC25A12,2.9383933133914617e-05
IFIT1,2.938009368367119e-05
SLC9B1,2.9307498605797023e-05
ZNF678,2.9220298421488202e-05
ZNF630,2.9158791873360525e-05
DNAJC3-AS1,2.914227028066009e-05
HHIP,2.9138729551471685e-05
PTGR2,2.9129856510051264e-05
USP53,2.902794634316597e-05
LINC02246,2.8935100819301895e-05
CNNM2,2.8922359354486044e-05
RP2,2.8850124365496352e-05
STK39,2.8774782719933866e-05
RIBC2,2.8774050922382595e-05
MITF,2.8750586492414273e-05
BSDC1,2.8638825040145712e-05
LINC01215,2.8607407219819184e-05
FBXL19-AS1,2.8577594759894476e-05
ZNF536,2.8567733188295713e-05
SLC25A25,2.8514525737112253e-05
LOC101929767,2.8399754627042112e-05
RTL10,2.833670284308949e-05
ABCA11P,2.8330063793848823e-05
TGFBR3,2.823520238937595e-05
TCF7,2.8059427177855463e-05
ING1,2.8054795217126106e-05
TPM2,2.8046711555932088e-05
ZDBF2,2.803185408731452e-05
MAD2L1BP,2.7989314675526907e-05
CRYZL1,2.794818813495449e-05
MAFF,2.793483298535608e-05
KAT5,2.791352300178049e-05
FLNB,2.7755240638644463e-05
HMHB1,2.769355513333902e-05
LOC100287846,2.7649697104849468e-05
ATP8B1,2.7637533582242087e-05
LOC644554,2.754329790553002e-05
PLAGL2,2.752747984458873e-05
LOC100505715,2.7491349240904105e-05
WARS2,2.7430509888187e-05
JADE2,2.7398039036980846e-05
KMO,2.7372895992934467e-05
CTSL,2.727787714417936e-05
CATSPER2P1,2.724473728465152e-05
ZNF362,2.7155847105418282e-05
ZFP82,2.7152950042009597e-05
SPATA7,2.714664551481239e-05
KL,2.7109493770862984e-05
ADGRE4P,2.7104072408131577e-05
GCNT1,2.7094695826061827e-05
AK7,2.70912848240282e-05
VGLL4,2.706481424481303e-05
MMP1,2.7014145641060883e-05
SNORD38A,2.699610427419534e-05
KLRG1,2.6976639473816714e-05
CYYR1,2.695280110087705e-05
ZNF436,2.6933468746711074e-05
DNM3OS,2.6860712463504826e-05
HIC2,2.6801515654948848e-05
CCDC121,2.675544365531052e-05
CLUH,2.6752752591198336e-05
FLAD1,2.6703928119862935e-05
EML3,2.6548622781800438e-05
SLC25A4,2.64727964217181e-05
NDUFA6-AS1,2.635833133599119e-05
ATRIP,2.6343192909471066e-05
PRDM1,2.6269764575931662e-05
MIR3142HG,2.6146332492127865e-05
NUDT12,2.613256968993268e-05
SEMA3C,2.6130801847548028e-05
KCTD6,2.609312704802189e-05
POLR2J2,2.6051136034765787e-05
MS4A2,2.6016034483070353e-05
FANCF,2.5864233015416497e-05
IKBKE,2.584485132943199e-05
YIPF1,2.5793257936639372e-05
JMJD4,2.5581630603041835e-05
PLBD2,2.555151977642058e-05
SPTB,2.5505470190874277e-05
PAPD7,2.548478368246002e-05
ASB7,2.5483190940294296e-05
TSC22D4,2.544667611037205e-05
MHENCR,2.543778050629888e-05
LOC101927021,2.537545161797481e-05
CCDC28B,2.5347459569900645e-05
LOC100131257,2.5341811324624715e-05
HS3ST3A1,2.531946390641108e-05
VPS9D1,2.528105492155854e-05
TMEM161A,2.5272321945053354e-05
P2RY10,2.5209418384889585e-05
ZNF282,2.5160742463468693e-05
ZNF559,2.5157133972360264e-05
PPBP,2.5087336438626008e-05
METTL22,2.5043019666998523e-05
RING1,2.500857105643266e-05
ICAM2,2.497995108182706e-05
IPP,2.4978247447244678e-05
DNAH1,2.4934672751664044e-05
NDUFAF5,2.4931818862270687e-05
REXO1,2.4848904399823684e-05
SEMA4A,2.4846351081706163e-05
FURIN,2.4772924356419274e-05
CC2D1B,2.4748960770999198e-05
SHROOM1,2.4613174578282687e-05
GAS2,2.460164539021041e-05
TMEM14EP,2.458182952797141e-05
SP140L,2.456798654368155e-05
ZNF836,2.45403173969958e-05
CYB5D1,2.4333090069272372e-05
BCORL1,2.4310354919372916e-05
SGCZ,2.425176275966941e-05
GIMAP8,2.4234551832227664e-05
NRGN,2.423055068578909e-05
SUGP1,2.4218065717356766e-05
ZNF571-AS1,2.4167263382392984e-05
LIME1,2.4145629504540387e-05
MARCH5,2.401990774629501e-05
ZNF214,2.4009343884635083e-05
LOC100129935,2.3982448445642716e-05
LINC02035,2.397562513616412e-05
CPSF1,2.39743742539772e-05
SLC16A11,2.3943049329816207e-05
ADGRA2,2.3923162982521892e-05
HSD17B13,2.3866943323009002e-05
UCN3,2.385600776872165e-05
TNFSF8,2.383707904860981e-05
ZNF20,2.3816293288171517e-05
KCNK6,2.3790626951398858e-05
CCDC150,2.3781290645572735e-05
TPRA1,2.3751447575626792e-05
BACE2,2.368200558200504e-05
CH17-340M24.3,2.367885848162386e-05
LINC00892,2.365542105556579e-05
ACP5,2.359646408106983e-05
ARL13B,2.35811520488492e-05
CCDC15,2.3501065020842447e-05
NDUFAF6,2.3432199925470092e-05
ADCY9,2.3426405235102767e-05
OTUD7B,2.3183400221823318e-05
IFIT2,2.3177437799694435e-05
LNX1,2.3176506229070798e-05
PQLC3,2.3174270047564143e-05
LOC101929762,2.314323778784035e-05
C1orf74,2.3135826203142547e-05
SORBS1,2.3038740281822725e-05
PIH1D2,2.299486270206334e-05
SYT17,2.2958971460223408e-05
AGPAT4,2.2953395635345332e-05
SUCLG2-AS1,2.2933893252719058e-05
A1BG,2.2911244712912716e-05
NISCH,2.2823225679721328e-05
PNPLA4,2.2799879702928e-05
TRIM7,2.2785999684542574e-05
CCDC144A,2.2695321083676654e-05
C3orf14,2.268793235888174e-05
ZFYVE26,2.262798417231915e-05
HIST1H2BL,2.2593557323963928e-05
TRPV2,2.255729537949852e-05
KLRA1P,2.2501166298202375e-05
TNKS2-AS1,2.2477558790018097e-05
FAM72B,2.2375556127133533e-05
TFB1M,2.234483731140418e-05
DCAF13P3,2.233917823833251e-05
CCDC169,2.2324864081316496e-05
FOSL2,2.232472619778172e-05
TMEM191A,2.230728553230922e-05
ZMAT5,2.2273748136783882e-05
PKIB,2.2248090892443167e-05
FANCG,2.2227240954085514e-05
LOC101928068,2.2093203951760828e-05
CYB5D2,2.2037894595774533e-05
HIGD2B,2.1988403822841662e-05
HSPBAP1,2.1921678338709116e-05
TMEM41B,2.191766332458678e-05
NFS1,2.1875251932136373e-05
ALMS1-IT1,2.1847006213566966e-05
LINC00426,2.1807710946360515e-05
SPDYE10P,2.1767155103281e-05
RASSF9,2.176483063664278e-05
VSIG10,2.1740241238051577e-05
TMUB1,2.170890988470213e-05
FOCAD,2.169930489450101e-05
TAF1C,2.169664728289535e-05
DNASE1L1,2.164940540127937e-05
LOC729162,2.1567462219057566e-05
CFAP44,2.1556752923312437e-05
TEX261,2.1491302502601596e-05
GMEB2,2.1469308213227724e-05
LOC101928504,2.1446009052988818e-05
ZDHHC7,2.1416583504115854e-05
MAF,2.1359776179211168e-05
GLI4,2.1344590116754667e-05
NT5DC4,2.1322486540688398e-05
TNFRSF10B,2.1276448853644957e-05
FAM171A1,2.127142030643286e-05
GLI2,2.1169664513119613e-05
FLYWCH1,2.108873967057789e-05
HOXC8,2.0978053455946197e-05
PABPC5-AS1,2.0937647075855246e-05
CELF2-AS1,2.088853745269778e-05
POLDIP2,2.0868271706598617e-05
TGFB3,2.0769145855504693e-05
FLVCR1-AS1,2.0750675297141383e-05
NRIP3,2.0738876625425798e-05
TBC1D17,2.05639157382352e-05
PRKACA,2.053929711243528e-05
TAX1BP3,2.0529986396624055e-05
CSAD,2.050386407709111e-05
BCAN,2.0488760826586507e-05
LINC02227,2.043562731787585e-05
SPNS2,2.0356249663416707e-05
ABHD13,2.0337059997606582e-05
CD79A,2.0293481399811758e-05
LINC00094,2.029028866307594e-05
DNAJC28,2.028752255899966e-05
DAPK1-IT1,2.028070150552564e-05
RCL1,2.027677668108456e-05
FRMD6-AS1,2.0250970099274417e-05
UPP1,2.0239572873040788e-05
TTYH3,2.0233546263816066e-05
TCEANC,2.0071909946195438e-05
XPO6,2.0067113001530323e-05
SEC14L1P1,2.0051850004435847e-05
SLC25A14,2.002808656319134e-05
C12orf10,1.996804437634144e-05
CLNK,1.9949282737239723e-05
CSMD1,1.9890666402995453e-05
PPCDC,1.9885178762643238e-05
IMMP2L,1.9868481713269077e-05
GGA3,1.9846302999492216e-05
GNRHR2,1.9778668290152488e-05
DTX2,1.976830576057151e-05
LOC101060091,1.975359478398692e-05
SIMC1,1.9741430737316897e-05
PDF,1.9675331973806575e-05
KIAA1257,1.95743223596196e-05
LRMDA,1.950966496500466e-05
TRIM8,1.950280403806507e-05
HRH2,1.944709363531396e-05
BMF,1.9437418197286175e-05
LINC01279,1.942379728119403e-05
TMEM199,1.9240305398205127e-05
MS4A4A,1.923303130028055e-05
BCAS4,1.9224294664895824e-05
ABCA1,1.9147232841289108e-05
AMT,1.9114949241249528e-05
LOC728715,1.905970176436814e-05
CCAR2,1.9045427168686662e-05
LOC101928303,1.904202515847521e-05
TGM2,1.9026399629293003e-05
GLB1L,1.901806200310791e-05
RAB9B,1.895838312958122e-05
TDRD9,1.8953733358708483e-05
LOC100507053,1.8858478384815364e-05
LINC00886,1.8842053404857586e-05
NPIPB11,1.882347111985527e-05
WDR11-AS1,1.8810597588919946e-05
LOC101928446,1.877999881515666e-05
VEGFB,1.8742053562524036e-05
NUAK2,1.872045693494972e-05
SOX2-OT,1.8629137045034908e-05
DTX3,1.8502664983276726e-05
VEPH1,1.8453537154951772e-05
RHBDD2,1.845199301365564e-05
REPIN1,1.8347033865964614e-05
ZNF558,1.831151344806939e-05
DGUOK-AS1,1.8307370559284574e-05
SLAMF8,1.8193639662429206e-05
SLFN5,1.8154247419737638e-05
PDE4DIP,1.808675893503541e-05
MTUS1,1.807334943025247e-05
PPP1R26,1.806599843120413e-05
MON1A,1.8018177020964252e-05
SIGLEC10,1.8017871099917836e-05
NAPSA,1.7987159936348263e-05
PLEKHH2,1.7936835135452586e-05
LINC01954,1.7914412309062375e-05
KLLN,1.7902875850224746e-05
PPP2R3A,1.789718842511298e-05
ZNF818P,1.789484561344025e-05
SLFN12L,1.785964280953086e-05
MIR3661,1.7837313377165152e-05
RLN1,1.7800198625585874e-05
KIAA1644,1.779820826474413e-05
EXD3,1.7672532187334155e-05
TBC1D12,1.764527328491449e-05
EEFSEC,1.7625439253885006e-05
KDM2B,1.743538490826349e-05
GAS6,1.7430910076832438e-05
HLA-F-AS1,1.7410791531198056e-05
LOC110091768,1.7324264017721177e-05
LOC101930085,1.7276124369376877e-05
MIPEPP3,1.7269405702621505e-05
LINC00694,1.7239102529442258e-05
RTL8C,1.7210759187124654e-05
TBC1D9,1.720922793025319e-05
TMEM251,1.7171946260880364e-05
IL32,1.7119807383654406e-05
STC2,1.71128947368627e-05
FAM124A,1.7091370005603772e-05
MCM3AP-AS1,1.7051772320066363e-05
GSK3A,1.700291251913818e-05
TNFAIP6,1.6990891313539402e-05
UBE2D4,1.698337734308362e-05
PLEKHO2,1.6942295234884556e-05
ZNF649,1.6934383933186452e-05
HDC,1.6913908182590155e-05
RCAN1,1.6912749106729857e-05
BCL2L15,1.690774362600087e-05
FBXW8,1.6893765176287592e-05
PSKH1,1.6763810330978776e-05
MMP25,1.670933076559145e-05
B4GALT1-AS1,1.6708816147133572e-05
LOC101927751,1.6662236145968808e-05
C8orf34,1.6621099998409766e-05
RFXAP,1.6610762293704483e-05
ZDHHC4,1.6574180593490084e-05
LINC01684,1.6564561030901287e-05
CCDC153,1.6516952378864617e-05
TMEM268,1.648825287993808e-05
WWP2,1.645690423446946e-05
LOC284023,1.638184246909276e-05
ZNF862,1.6343004367361035e-05
SLAMF6,1.6342625422228062e-05
GSTA4,1.6320843593941955e-05
ZNF16,1.6246552708858306e-05
ACAD8,1.6192147074536174e-05
SRD5A3-AS1,1.6190968252944564e-05
MGAT4B,1.6162756194861695e-05
LILRA1,1.612643023066911e-05
LOC101928617,1.610845104421944e-05
FAM86C2P,1.602595995894718e-05
ZDHHC23,1.601512075899058e-05
HCG23,1.5983461810409994e-05
IPW,1.594751591347942e-05
TAOK2,1.57547584529405e-05
FAM69C,1.57223966674427e-05
DNAJB9,1.5639432293987347e-05
TMEM177,1.5634713761324116e-05
LINC01814,1.5601846084686154e-05
ERICH2,1.5589129004089894e-05
HVCN1,1.558476526726553e-05
EIF1B-AS1,1.5579747144960708e-05
NPHP1,1.5548705404061393e-05
LOC101927354,1.5544697880676028e-05
RASD1,1.5527049436581543e-05
FBXO36,1.552433270054584e-05
BBS9,1.550446671371294e-05
TYK2,1.5497626476104148e-05
LOC100506476,1.5463877603101665e-05
ITGA2B,1.5387166411872557e-05
PRMT6,1.5340817500898294e-05
LRRC1,1.530484140937746e-05
LIPT2,1.507756719089129e-05
CLEC4GP1,1.4910806109915946e-05
ZNF784,1.484763973856954e-05
TM4SF20,1.4757093373794973e-05
ATP13A2,1.4697824127090444e-05
SNX24,1.4632589421981602e-05
LOC100289361,1.4629125742050859e-05
ZEB2-AS1,1.4625325265683473e-05
ZSCAN12P1,1.4615895897971288e-05
ST20,1.461365544144225e-05
CREB5,1.4601825614242811e-05
MARCKS,1.4524134152482643e-05
MORC4,1.44940521809637e-05
LINC00957,1.4476005558280675e-05
LOC101929680,1.444332795667489e-05
C15orf59,1.4429705876486818e-05
STRIP2,1.4425905186625694e-05
LINC00921,1.4406831770370705e-05
TMEM9B-AS1,1.435253260371523e-05
POF1B,1.4344808973372792e-05
PPBPP2,1.4331371096693113e-05
CYP2T1P,1.432375431947373e-05
C1orf115,1.4317520603309497e-05
NPRL2,1.4256657859584869e-05
PLEKHB1,1.4250712671256799e-05
CCDC191,1.4240652693632668e-05
PIK3CD-AS2,1.4229656282913295e-05
PEG3,1.417324393349979e-05
PRKAR1B,1.4146146722805956e-05
SPPL2B,1.4135557315417195e-05
LOC105372480,1.411712802486039e-05
SNORA33,1.4088317417316645e-05
RUFY4,1.4087942760214273e-05
MYOZ3,1.4087585386577727e-05
ZDHHC11,1.40527621702533e-05
LOC101927596,1.4047373812759155e-05
SERF1A,1.4019913872620356e-05
DIP2A-IT1,1.3989470311343e-05
KRBA2,1.3953686807132884e-05
LRRN2,1.3915586858852344e-05
CIRBP-AS1,1.3905257717181453e-05
FOXN3-AS2,1.3904855992331336e-05
ABHD12,1.3883002967166335e-05
S1PR1,1.3864137140131241e-05
JAKMIP2,1.3852056870805132e-05
LOC100996455,1.3822904933723138e-05
FBXO32,1.3804598989656304e-05
MFSD14C,1.3787540768109872e-05
CADM2,1.3710389828778423e-05
LOC439933,1.3705723702285241e-05
LYPLA2P2,1.3703008792908365e-05
C6orf229,1.366852766218258e-05
ZNRF2P1,1.3667719821234682e-05
ANGPT2,1.3667452063450574e-05
LINC01140,1.362839391225918e-05
KIF9-AS1,1.3605334994318609e-05
NKAIN2,1.3567178401563739e-05
FAM19A5,1.3562166889680035e-05
C1orf198,1.3554533458750243e-05
TNF,1.353861792597761e-05
TMEM216,1.3526715890374297e-05
VCAN-AS1,1.344819947849488e-05
TMEFF1,1.3422967305685078e-05
CYB5R1,1.3421040228687825e-05
ERRFI1,1.34086357384447e-05
GUCY1A2,1.3407375496520549e-05
TSACC,1.3406727524487973e-05
PHLDA2,1.3406297397499476e-05
PMFBP1,1.3388089591854017e-05
KANK1,1.3386051388479323e-05
ZNF777,1.3350245158116436e-05
RANBP3L,1.33446007546757e-05
LOC100130950,1.3334993077492137e-05
GUCA1B,1.3334919181378577e-05
ADORA2A,1.3331659102353943e-05
FAM129C,1.332537653481175e-05
MMP14,1.3318252394480075e-05
MAFG-AS1,1.3307578976850917e-05
SFRP2,1.3277691378879657e-05
MSX2,1.327700828590242e-05
KCNN4,1.3271350651025698e-05
PARS2,1.326641089640478e-05
MED27,1.326260465684302e-05
TNRC17,1.3189129358242929e-05
PNMA1,1.3175628095975251e-05
CR1L,1.3164223290508297e-05
MIB2,1.3157927852532385e-05
PCSK5,1.3138600543720976e-05
LY6G6E,1.3079723120477918e-05
FRMD5,1.3042851701014321e-05
FAM185BP,1.3042705307756275e-05
PPFIA3,1.2957911347980627e-05
CNTNAP1,1.2938509876555497e-05
C11orf80,1.2924421559226024e-05
EOGT,1.291460582424173e-05
FABP4,1.2906784536667257e-05
LINC00513,1.2855249262926937e-05
KIAA1456,1.285289841033433e-05
ITGA7,1.281581299448146e-05
TIGD7,1.276096550779585e-05
TTC23,1.2732108556172182e-05
SPATS2L,1.2720097938861375e-05
KCNV1,1.2672683838072123e-05
TMEM156,1.2640844121608174e-05
SLC30A4,1.263470916929895e-05
SPDYE1,1.2617092775794335e-05
ST3GAL5,1.2584960278266384e-05
CD247,1.2545386309106263e-05
GZMA,1.2541585541071534e-05
RPH3AL,1.2539698772501663e-05
ANOS1,1.2528646068911214e-05
TMOD1,1.2465810259883512e-05
CLDN15,1.2422749787965297e-05
TMCO4,1.2353808602299822e-05
RADIL,1.234930045544535e-05
LOC106660606,1.233145652236175e-05
FAM118B,1.2269017322508015e-05
PLPP1,1.2244538151284245e-05
PCDHGA5,1.2241080574345256e-05
SCNN1D,1.2238719488607466e-05
SOX21-AS1,1.2214577564107136e-05
PRKRA,1.220008560416794e-05
ATP6V0D2,1.2182534214683035e-05
FAM45BP,1.2134983851107947e-05
PMS2P7,1.209918689113625e-05
SNORD45C,1.2083475769649635e-05
DCBLD1,1.2079380714635159e-05
BRAF,1.2000542056001676e-05
NUDT17,1.1971587850690542e-05
EIF2AK3,1.196799854656075e-05
ZNF223,1.196657877179823e-05
MILR1,1.1933805475482229e-05
ITPRIP,1.1852516839891903e-05
PRSS33,1.1817794018668278e-05
C18orf65,1.1791327665570628e-05
IL5RA,1.1718271228625653e-05
HGD,1.1681307382533598e-05
RPL17-C18orf32,1.1666514967628176e-05
RTN4RL2,1.1631234509358006e-05
GATS,1.160824669498876e-05
IRGM,1.1579712070741435e-05
COL10A1,1.1563985380006184e-05
KBTBD6,1.1494373274308615e-05
RHCE,1.148721634392844e-05
CD40LG,1.146683395415972e-05
CTDP1,1.1455671448595398e-05
EPB41L3,1.1419024239135449e-05
CDC14A,1.1415387974082963e-05
ZNF112,1.1374580964200551e-05
IRF4,1.1256128802565763e-05
ARHGEF10,1.1229299995753491e-05
ACTRT3,1.1195354748206832e-05
SYCE3,1.1157416418772918e-05
ZNF502,1.114998049882309e-05
LAT,1.1013964924295996e-05
COL18A1,1.0969631273716968e-05
TLR5,1.0941136632680079e-05
SNORA18,1.0867391576023938e-05
PAPSS2,1.0815505333926487e-05
UVSSA,1.0797864665261381e-05
TNFRSF21,1.077441380320776e-05
SLC45A3,1.0749108117025364e-05
HOXA-AS3,1.07092459182426e-05
SPATA20,1.0689188585872677e-05
HOXA6,1.0664181833530278e-05
CHST6,1.0610146952617965e-05
PKD1P5-LOC105376752,1.0548943699593745e-05
SAP30L-AS1,1.053463655075246e-05
RNU5E-1,1.0496500402405218e-05
BEND6,1.0486783343050484e-05
ZG16B,1.0484788801200274e-05
ZNF213,1.0343243642468103e-05
MOB3C,1.0294427055487842e-05
FKBP1B,1.0261001167147854e-05
LOC105370489,1.021537579909357e-05
ENPP1,1.0201955406826887e-05
ITPRIPL1,1.0106460076924652e-05
SCARNA22,1.0090505262797516e-05
LDLRAP1,9.997187836725108e-06
SPATA1,9.945677546928026e-06
PITPNM2,9.927804911639819e-06
MED9,9.883829173979018e-06
UACA,9.874675749195497e-06
LINC01013,9.861164290563819e-06
ADAM32,9.839113165217047e-06
MDGA2,9.833264630302672e-06
LRRC10,9.819167828277165e-06
SLC16A9,9.808556135933993e-06
ITGB3,9.775664050587957e-06
SAMMSON,9.76254535061566e-06
ZNF616,9.756827958061553e-06
MFSD9,9.754190848180756e-06
LOC101927960,9.728596381225805e-06
LINC01972,9.70752381665555e-06
GPLD1,9.705776780630333e-06
PLEKHM1P1,9.695360079072036e-06
AATBC,9.691779840712188e-06
MYH3,9.671976746264301e-06
STARD5,9.668422022660566e-06
ADAM19,9.668407999358839e-06
LOC145783,9.660946018319937e-06
ZNF479,9.64899037740569e-06
CSMD3,9.643306330332302e-06
NRXN1,9.643005096428995e-06
TIGIT,9.637794382807023e-06
STKLD1,9.635777135711616e-06
FITM2,9.624150821531143e-06
NUDT7,9.614557831142477e-06
TEX12,9.592482504796497e-06
LRP1,9.580379752580883e-06
LOXL4,9.567776307054982e-06
LOC100130744,9.558459982736761e-06
SIGLEC17P,9.529656557462616e-06
CYP1A2,9.517058838221098e-06
FAXDC2,9.51548676182402e-06
SEMA5A,9.51337551891715e-06
CCDC17,9.507496484488123e-06
SV2A,9.504488580844372e-06
RXFP1,9.490660146189954e-06
LOC101929551,9.485176266711415e-06
AACS,9.477310661864082e-06
FAM83H-AS1,9.476950733446164e-06
SLC35D2,9.462960870472681e-06
POU3F3,9.446598811501714e-06
CYP1B1,9.43693273157731e-06
SEMA3A,9.433848865011554e-06
PLEKHG4,9.398552861116163e-06
PLCD4,9.396252567733822e-06
SNORD24,9.383555776341813e-06
ABHD12B,9.372402667457952e-06
PLAC4,9.37116386312214e-06
NCRUPAR,9.364784617922834e-06
LOC101929431,9.355396757937157e-06
EARS2,9.352117125394188e-06
DPP10,9.33287940102989e-06
LOC100129940,9.327248214476466e-06
OPRM1,9.324696428205434e-06
MMP17,9.320839029906156e-06
ZAP70,9.31110849377526e-06
SPIN3,9.303053315237759e-06
SLC10A5,9.280930147511882e-06
LINC02217,9.239924965692084e-06
GPR55,9.218798674222238e-06
CCL3,9.215722281859426e-06
PPARD,9.214579196924988e-06
MYBL1,9.211873497908084e-06
KLRB1,9.200052883497952e-06
AGFG2,9.176744037275315e-06
IGF1,9.15830464451717e-06
GAD1,9.140095422980504e-06
FAR2P2,9.135302947067512e-06
AZIN1-AS1,9.131084445218414e-06
STXBP1,9.129195907549911e-06
GP5,9.12827653478334e-06
ERAL1,9.127558909657528e-06
SRGAP1,9.117308050577952e-06
KIFC2,9.116671245939819e-06
GABRR2,9.112664534213036e-06
HBG2,9.105304106707815e-06
SEZ6L2,9.092488797109447e-06
ARHGAP27P1-BPTFP1-KPNA2P3,9.078381936797148e-06
RPH3A,9.078094952108017e-06
CTAGE8,9.076816406030073e-06
SLC18B1,9.071140103923302e-06
TRIM11,9.06691051315019e-06
EDN1,9.064552895795225e-06
C3,9.05278092040038e-06
TXK,9.048816248720867e-06
INGX,9.04484205303481e-06
ZDHHC11B,9.036335047818983e-06
SNTB2,9.015983273211836e-06
IL17RB,9.011607414524625e-06
PRORSD1P,8.997028819612809e-06
PACERR,8.99629866078654e-06
TCL6,8.992271255376726e-06
LOC100506142,8.991274769520254e-06
LINC01372,8.986323927240093e-06
ASGR2,8.982137629469488e-06
FSTL1,8.979438729763024e-06
ZNF235,8.960632093336932e-06
KALRN,8.96031818129127e-06
UNC13A,8.933121243183181e-06
DQX1,8.93205387861236e-06
NDUFAF4P1,8.926852817175732e-06
FSTL4,8.917814038980459e-06
TLR8,8.891781951163378e-06
ORAOV1,8.881680504905325e-06
SNORD97,8.870911946348934e-06
ANO5,8.824318253566391e-06
LAYN,8.817794209418174e-06
SLC24A3,8.814374737199517e-06
LOC401127,8.786319921299002e-06
PCDH8,8.780757156352863e-06
C1orf116,8.779698495918242e-06
RASL10A,8.774859846895698e-06
MT1M,8.771308675153359e-06
LINC00273,8.769416904723595e-06
CCDC159,8.76143900368017e-06
GUSBP11,8.758439310399693e-06
MIR4500HG,8.754958297249235e-06
FBLN2,8.743145947616952e-06
IGLL3P,8.736381875758994e-06
PRSS23,8.714262611077026e-06
RIPK3,8.69005581828715e-06
RRAS,8.687791720742617e-06
PROB1,8.683316229005363e-06
DRC3,8.678528954049565e-06
KIRREL2,8.664259505088373e-06
ZNF701,8.66296080764297e-06
LOC101929331,8.659467228492418e-06
CACNB3,8.653903327099923e-06
OXTR,8.639474906679965e-06
MFSD2A,8.62342016184842e-06
TGFBR3L,8.60993070710163e-06
SOSTDC1,8.594058695724321e-06
THAP8,8.586258425783411e-06
PLAT,8.585768002493486e-06
ILDR1,8.580524524002275e-06
DPY19L2P3,8.564167048765437e-06
ENO3,8.550654669040017e-06
MIR646HG,8.532406291031647e-06
MICA,8.527778995414464e-06
KRT16,8.515875149856104e-06
RBM44,8.497875558061219e-06
MMP12,8.472919739768027e-06
CITED4,8.434699371860133e-06
SLC35G1,8.426320181737332e-06
DPYS,8.420145226937495e-06
KIF7,8.405387963991907e-06
DNAJC22,8.381855611387899e-06
COLCA1,8.376627474401747e-06
C19orf47,8.371249641829573e-06
MYO15B,8.369392820936482e-06
MELTF,8.357684437133749e-06
SSC4D,8.351204755765572e-06
TSLP,8.348308350065369e-06
LOC105371795,8.326195218086713e-06
TRAT1,8.306813687458725e-06
GCNA,8.28330520270655e-06
MTMR7,8.276566067464445e-06
OCLM,8.252599717319569e-06
BHLHE41,8.196346550612882e-06
ZNF513,8.194076109722706e-06
GIPC3,8.109835938463973e-06
LOC101928166,8.092284446209272e-06
LOC399975,8.076366647337728e-06
GP6,8.052473738645751e-06
CDK8,8.043357270772925e-06
ZC2HC1C,8.02586557903154e-06
TEKT4,7.988992675298424e-06
LINC01144,7.984443446663628e-06
KREMEN2,7.968729161151465e-06
ERP27,7.943198214348375e-06
IFI27,7.919393080087385e-06
TAF1A-AS1,7.907094419520651e-06
MAGEA10,7.904980480995005e-06
SLC35E4,7.879735613371652e-06
AKR1C1,7.849743161490604e-06
ZNF823,7.83311176106332e-06
LOC105377763,7.817972297582348e-06
CYR61,7.798829085436168e-06
HSF2BP,7.787230885675984e-06
LILRB1,7.780978405955375e-06
SOGA3,7.73375763201123e-06
USP2,7.732798203650776e-06
RPP14,7.712311157279237e-06
RNASE4,7.702897721028559e-06
LINC01572,7.6220070847425285e-06
LINC01160,7.563831187532653e-06
TNFRSF19,7.4935473145806265e-06
SLC2A13,7.488683663721653e-06
ZNF385D-AS2,7.464464238211032e-06
LINC00260,7.456141946081343e-06
SAMD15,7.4053612505007186e-06
GJB7,7.3848422048283705e-06
DAND5,7.3821271651403705e-06
MGC72080-ASNS,7.368068406710215e-06
RNF122,7.364436671592361e-06
LTB4R2,7.351424484295471e-06
ZNF443,7.3470565716747766e-06
ADAM11,7.334094619587077e-06
OAZ3,7.299760834283905e-06
MCPH1-AS1,7.247532753310945e-06
SNTN,7.213914874918405e-06
VENTX,7.193626116371154e-06
MIR4258,7.063063451021382e-06
LINC00894,7.0327164309602085e-06
GPT2,7.02828727466116e-06
LOC100131289,7.0259426080005585e-06
EYS,6.992482373349843e-06
IER5L,6.956351574479838e-06
PLCG1,6.933628041856386e-06
DGKQ,6.89065071116357e-06
NTS,6.846553732765956e-06
IL1R1,6.830206758772267e-06
C19orf35,6.806467676626259e-06
POLM,6.796232748941778e-06
TMEM92,6.782788923065868e-06
LOC101927151,6.759655334177391e-06
C3AR1,6.70739258106694e-06
SH2D4B,6.707008649498448e-06
EBLN2,6.701278356536483e-06
ZNF404,6.68214724363618e-06
IGFBP6,6.676308751176034e-06
FAM86C1,6.659076669385205e-06
EVPL,6.657625039402765e-06
SMIM2-AS1,6.617358785912331e-06
NKX3-1,6.59489444556332e-06
CD1C,6.588395787068297e-06
KIAA0087,6.496596570951235e-06
SNORD104,6.479194629231371e-06
MARCO,6.359542463126206e-06
LRRC37A2,6.334911584414018e-06
C1orf106,6.305927753796339e-06
PAXBP1-AS1,6.302666264236202e-06
C4orf19,6.263524740720258e-06
SLC9C1,6.1808541864354105e-06
GBGT1,6.01916849243513e-06
DDN-AS1,6.015726622096902e-06
CLEC4C,6.001909106552923e-06
GPAT2,5.9663210965081345e-06
LINC02012,5.90364342975462e-06
ALG1L2,5.8943117306086826e-06
MICAL3,5.876805418309465e-06
LOC729930,5.852254163849404e-06
RSG1,5.729397124633085e-06
MTERF2,5.723082110939394e-06
ADGRB3,5.697431518343906e-06
SNORA63B,5.646765085078731e-06
FAM83A,5.624667242118432e-06
XKR6,5.605648595997388e-06
C14orf178,5.597177456627746e-06
NAT6,5.254655744552471e-06
ZNF202,5.123559786391823e-06
LINC00528,5.036036980246965e-06
SUSD5,4.9926562525772875e-06
LOC100996351,4.928278570544238e-06
LOC730668,4.9260636294668806e-06
PRPF40B,4.923289508862247e-06
SLC41A2,4.921712449335665e-06
CCDC39,4.918348220242951e-06
LSMEM1,4.914167370087076e-06
RALGPS1,4.905767002755984e-06
CD6,4.905600755321614e-06
C14orf93,4.905025026446041e-06
CABLES1,4.899955421739176e-06
PPIP5K1P1-CATSPER2,4.899578790476343e-06
CTSK,4.899139995034247e-06
DNM1P46,4.897534550314992e-06
CNGB1,4.897239489451209e-06
SH2D1A,4.8970443436081615e-06
PNOC,4.894035856588478e-06
GZMB,4.893686313260114e-06
MAP3K9,4.892318106224496e-06
ZC3H12A,4.889725522888896e-06
P4HA2,4.889714800986545e-06
RALYL,4.888579645791497e-06
ZNF468,4.887682773943433e-06
RUNX1-IT1,4.88239469024423e-06
ZNF79,4.8790719134080375e-06
RUNDC3B,4.878266906860218e-06
LINC01993,4.8753438382419725e-06
C2orf15,4.875216427521111e-06
SNORA80E,4.874356104916845e-06
ITPR3,4.872545802578443e-06
KIF6,4.87240486087729e-06
DDX26B-AS1,4.872220981410529e-06
EPB42,4.870203512097895e-06
CD19,4.869889736938828e-06
PMS2P9,4.8680775361631325e-06
TSPAN6,4.8675833295292454e-06
ZYG11A,4.865171308758134e-06
RAB3B,4.862650777277471e-06
LINC00672,4.862599645378308e-06
PDYN-AS1,4.8625434544706936e-06
MIXL1,4.8588499724595895e-06
CCDC62,4.857848084207044e-06
PAK4,4.8573290001181656e-06
MARC1,4.85427848606954e-06
MISP3,4.852400339444003e-06
LOC105374988,4.851483741968901e-06
P2RX5,4.849998278069504e-06
LOC643201,4.8497341454305655e-06
LARGE2,4.848699498848499e-06
SERPINB9P1,4.846385552428954e-06
ZAN,4.845671717221532e-06
SERPINI2,4.84112124017294e-06
KRBA1,4.8394854665558e-06
LOC105372273,4.835576582194888e-06
TIAM1,4.835448543288442e-06
NPY,4.833944728311353e-06
ZSWIM5,4.833446454513925e-06
RBM11,4.832552552386509e-06
GPC2,4.832361935831304e-06
RHPN2,4.826147029310722e-06
SNORA53,4.821511338711717e-06
PCBP2-OT1,4.8182338540161115e-06
TRPM6,4.81483100285494e-06
GOLGA6L4,4.814122153556049e-06
LOC101928861,4.810185892234375e-06
MLYCD,4.8095319994064284e-06
KCNA7,4.7989475004182325e-06
LOC105373562,4.796228214640407e-06
TGFB2,4.793933388608283e-06
CCL16,4.792871507279884e-06
LINC01537,4.784830543895723e-06
NRSN1,4.781969158930183e-06
ADAMTS14,4.778669276120255e-06
LEF1-AS1,4.769645537186371e-06
IL23R,4.755265199079289e-06
SHROOM3,4.745598036419411e-06
RASGRP1,4.74316467763643e-06
ANKRD20A9P,4.73586581768809e-06
RNF180,4.72974854737084e-06
BICDL1,4.726414007677525e-06
ITFG2,4.725012258224936e-06
CAMK2B,4.724066869891371e-06
A2M-AS1,4.715790181775937e-06
NOX1,4.687330186656812e-06
SIX5,4.68549610682347e-06
ATP6V1G2,4.667911552603619e-06
ARX,4.663889073062742e-06
CRYBA1,4.662724924870654e-06
FARP1,4.660525196601296e-06
TBC1D30,4.642301623958875e-06
LOC100507283,4.632127372581572e-06
MIP,4.63094636832585e-06
SIGLEC1,4.630482587134598e-06
FLT1,4.6271101417556275e-06
PRG3,4.6249471081525106e-06
OSGIN1,4.623332144718877e-06
TLDC2,4.623028823809154e-06
SAPCD1-AS1,4.621216972973015e-06
LRRC75B,4.6144375640449865e-06
C6orf47,4.612324367618384e-06
CELA1,4.6113783158356325e-06
MIR181A1HG,4.610022146086926e-06
SEMA6A-AS1,4.609398476774885e-06
ELK2AP,4.606911770720926e-06
SFTPB,4.606680737050338e-06
SHC4,4.605827638584158e-06
C18orf15,4.6001899699768695e-06
LOC100130264,4.599172047727432e-06
PYCARD-AS1,4.595076312492183e-06
SNAI3,4.5897091749085994e-06
ZBTB45,4.579039576299197e-06
PRSS36,4.578851098675532e-06
SNORD32A,4.5734690919512215e-06
MOG,4.565344749579167e-06
TMEM200B,4.5651396012751075e-06
CD300LB,4.564454804465609e-06
KBTBD4,4.560789459372101e-06
OPA1-AS1,4.560789281199575e-06
SECTM1,4.553586119271504e-06
SLAMF1,4.552675416662405e-06
CECR2,4.552652044528704e-06
LNX2,4.552165021608767e-06
CDR2,4.54910473225757e-06
DFFB,4.546126072510113e-06
BATF3,4.543340553688565e-06
C16orf95,4.543214920470432e-06
TUBG2,4.537979333622936e-06
CASC11,4.533216671684651e-06
KIF5C,4.533071697279829e-06
CCNJL,4.528670439414927e-06
C1GALT1C1L,4.527858660162292e-06
HEXA-AS1,4.52733073875136e-06
NRCAM,4.5237523655136345e-06
C17orf97,4.5218910273019855e-06
LINC02071,4.51951347583818e-06
CHRNE,4.511485618894178e-06
ZNF233,4.502236548226924e-06
ST8SIA1,4.5007022897842925e-06
LRRTM2,4.500632197346893e-06
SPRY3,4.4983266301497385e-06
LOC730202,4.496202373061237e-06
SLC25A42,4.49366590711086e-06
LINC01127,4.487732972968835e-06
SLC6A4,4.485353901876325e-06
N4BP2L2-IT2,4.47889919727199e-06
LINC00632,4.478754988745329e-06
GINS3,4.474803295721801e-06
ZNF382,4.465176518279244e-06
L1TD1,4.464171956327089e-06
C6orf141,4.463102227144122e-06
SPP1,4.460633972920773e-06
SCML4,4.453196458223555e-06
TRPC5,4.4502083571100236e-06
ACVR2B-AS1,4.4444607095360855e-06
LOC284581,4.436668533778787e-06
CATSPERE,4.435648197209641e-06
LOC388813,4.434089093098898e-06
C2CD2L,4.430666866342005e-06
TMEM56-RWDD3,4.426832229737861e-06
LOC645166,4.420133019194739e-06
FRY-AS1,4.415998386374137e-06
SUV39H1,4.414917865073939e-06
KHK,4.414041685952194e-06
LOC100132057,4.4023963382151155e-06
PMS2P2,4.391809928615819e-06
INCA1,4.383087413856135e-06
LRRC6,4.3779973842908145e-06
PLD2,4.370209107575727e-06
FAM74A7,4.354974496366106e-06
SAXO1,4.343957966759023e-06
LINC02202,4.343882732981258e-06
ADAT3,4.324659163361869e-06
SPATA21,4.323961267903076e-06
SERTAD3,4.3068277462241474e-06
STX16-NPEPL1,4.298076031527485e-06
ZFP2,4.296993708451552e-06
SNORA37,4.296296506057887e-06
GPR68,4.29422424269438e-06
KCNAB3,4.286893285140259e-06
KCNMB4,4.285953664508629e-06
TMEM158,4.278588208762625e-06
FGFR3,4.268005689714653e-06
FOXC1,4.2647489935430855e-06
SH3TC2,4.262310595878777e-06
RBPMS-AS1,4.257864467711305e-06
ANKRD61,4.252872594785712e-06
PRL,4.230740917352322e-06
B4GAT1,4.225261493035314e-06
AATK,4.2239072532266434e-06
NUGGC,4.22345079036992e-06
EPX,4.2050531674942435e-06
C7orf13,4.19352701827843e-06
COL6A1,4.188919602111957e-06
MAN2C1,4.170245999818527e-06
TP53INP2,4.1415616416978835e-06
ZNF17,4.135425118451599e-06
JMJD1C-AS1,4.110989773819119e-06
KLC2,4.083741285632985e-06
PTK6,4.071720012846435e-06
LOC150051,4.057653819612307e-06
KHDC1,4.0432753554699105e-06
CAMK4,4.0329500261782496e-06
LILRB5,3.99426040754699e-06
LOC101928489,3.978688918957961e-06
CXCL5,3.973203608373551e-06
VTRNA2-1,3.9649832256611784e-06
PLXNA4,3.942141737173074e-06
PQLC1,3.9266352546152e-06
OCIAD1-AS1,3.924377709613183e-06
SIRPD,3.923524131530063e-06
SRC,3.923285890015609e-06
LEAP2,3.909835934109208e-06
MMEL1,3.909169060462206e-06
SNORA70H,3.902887780089047e-06
SNX21,3.895146791903151e-06
RBM26-AS1,3.891104836462449e-06
IL18RAP,3.872951608378417e-06
CSRP2,3.859958694194026e-06
PROCA1,3.796748938437656e-06
ZNF732,3.7965970614284424e-06
NRAV,3.775652057292768e-06
DPYD-AS2,3.7734617161581957e-06
FAM109A,3.773211560617265e-06
C15orf41,3.771481042780326e-06
NPY1R,3.6528105185290803e-06
PTX3,3.5868721815904126e-06
LINC00662,3.575882576351535e-06
ETV2,3.574815526022854e-06
CGNL1,3.5486003390145574e-06
ZNF628,3.4887318801343333e-06
COL9A2,3.4540306445707563e-06
C6orf226,3.3794109761351727e-06
SLC22A18,3.293156486477262e-06
SNORA1B,3.2307079535418654e-06
VEGFC,3.2269105608426743e-06
MEI1,3.2268333584716104e-06
COX6B2,3.226750310715497e-06
PIGZ,3.172365352382189e-06
ACTN3,3.1678727743444315e-06
RAMP2-AS1,3.1677160848883445e-06
SLC9A3,3.1674557922066865e-06
RAB11FIP4,2.934309492489554e-06
ZNF572,2.896645564251313e-06
COL4A4,2.5324622722277335e-06
LGALS13,2.5181723089593692e-06
STX18-AS1,2.5163234005502175e-06
SNORA12,2.501310786244782e-06
SRGAP2-AS1,2.497286369708947e-06
SPON1,2.4533088754848e-06
OMG,2.4013360275286232e-06
CTBP1-AS,2.4007271390178025e-06
SLC25A5-AS1,2.3999520696441e-06
CAMKK1,2.3998806862436555e-06
SLC22A23,2.39850068479479e-06
LINC00211,2.3976263704443317e-06
ARHGEF26,2.339724957764537e-06
JAM3,2.262566311943673e-06
DSCR9,2.2485292085764654e-06
ANTXRLP1,2.198558853312808e-06
LINC00106,2.132086569358108e-06
CRY2,2.121166136175463e-06
COL6A2,1.942645572940785e-06
NAT8B,1.6448436206918914e-06
NECAB3,1.441236955077109e-06
CPEB1,1.4320948149691845e-06
ITGB2-AS1,1.4233316262438444e-06
PRH1-TAS2R14,1.4131974819069702e-06
RASSF6,1.41211860835173e-06
ANKRD9,1.222857893166556e-06
CHST7,8.741243031157861e-07
NUDT18,8.707348057367765e-07
RRN3P3,6.086288643640912e-07
MORC1,3.4868690065332017e-16
LIN7B,2.455508084851774e-16
PDE1C,1.7936713583129215e-16
C11orf45,4.909375077561195e-17
PLCE1,4.0239525798577663e-17
CXCL12,3.272585925786646e-17
LOC93463,2.9313075640957507e-18
PITRM1-AS1,2.883622204951054e-18
LOC101928053,2.4980495021120124e-18
LINC02181,2.050535294294701e-18
TP53TG3D,1.9705965958167965e-18
MEF2C-AS1,1.4125025935745794e-18
ACTC1,1.3550948218974006e-18
SKIV2L,9.035620600049784e-19
CCDC40,8.866359939401218e-19
CCDC192,7.070443735652309e-19
EML2,6.796178227321807e-19
SSSCA1-AS1,6.604114577402481e-19
TIRAP,5.692840580231708e-19
LOC254896,5.372383911784313e-19
CNTF,4.790707745797565e-19
LOC100132781,4.788073839390825e-19
DNAH12,4.516398721494812e-19
ZRANB2-AS2,4.118114723968808e-19
HDX,2.908781681929181e-19
ZNF204P,2.8586258736118373e-19
GNRHR,2.7764125732042597e-19
LINC02078,2.7711945262394777e-19
RTN4IP1,2.61003010353372e-19
LOC101928809,2.540203971520922e-19
ZNF8-ERVK3-1,2.3739393860244376e-19
KIR3DX1,2.0454489205417215e-19
LRRC20,1.9524140853629733e-19
CRTAM,1.9326369464428759e-19
ZBTB8B,1.8799866774809772e-19
SNX25,1.816849003826506e-19
IFT140,1.748359131423884e-19
ARHGEF25,1.6488465517618371e-19
FAS-AS1,1.5772179520149472e-19
SLC2A12,1.555389394944013e-19
MIR133A1HG,1.3914977361117863e-19
GUSBP3,1.2440897681926927e-19
C10orf35,9.859184279974483e-20
C22orf23,8.547927023409584e-20
CACTIN,8.503485361287398e-20
ECT2L,8.438879334534812e-20
SCN3B,8.434241111962928e-20
C10orf25,8.388466746262698e-20
MAP3K21,7.300728686185936e-20
AKR7A3,7.229070428372745e-20
LRRC19,7.093453826694438e-20
RTCA-AS1,6.914896510961571e-20
LINC01268,6.794290463547398e-20
KCTD21,6.438596570117517e-20
MESP1,5.941943861081555e-20
GAL3ST4,5.699571921078811e-20
ATP8A2,5.669285117824042e-20
CTAGE10P,5.668874348726703e-20
DNAJC5B,4.4545400286793214e-20
PGAM4,4.3510060776898704e-20
ZFYVE27,4.0258335809895476e-20
SARM1,3.6271883061734997e-20
ACKR4,3.61577357030605e-20
MAMDC2,3.5054877439909434e-20
LINC01852,3.3953027617611753e-20
SIGLEC6,3.368119852867773e-20
GRHL1,3.367365191040155e-20
COL19A1,3.315006532970659e-20
C11orf96,3.2868777556547535e-20
TRABD2A,3.204024672167838e-20
RALY-AS1,3.040992909087752e-20
MIR3682,2.7946938055926976e-20
FER1L4,2.5190215006199002e-20
GPX8,2.4949440399346594e-20
MANSC1,2.4661609273898574e-20
KCTD17,2.2201205967432966e-20
SNORD14E,2.2178259604735635e-20
CELSR1,1.7873892919454293e-20
CLMP,1.6435663781645657e-20
SHISA2,1.643351757281467e-20
GPRC5C,1.6428646960228473e-20
LINC01232,1.4626763481248354e-20
ATP11A-AS1,1.2956688288962749e-20
F13B,1.2436074192594856e-20
BEGAIN,1.0101526405185537e-20
ARMC4,9.859184279974494e-21
FAM227A,9.857060842169282e-21
TFEB,9.595627640044599e-21
WDR90,8.28819691312503e-21
BVES,8.223184682005202e-21
CACNA1D,5.476215423355097e-21
LINC00167,4.664197148624454e-21
MMP7,4.383025414567262e-21
ZNF579,4.382586251394627e-21
TSSK3,4.3811487077916455e-21
EHD3,4.107993449989368e-21
CCDC142,3.887189205640538e-21
TP73,3.885163828288776e-21
FCRL5,2.1920278492490324e-21
LINC01426,2.191028209017588e-21
ASPN,2.1906274025372173e-21
B3GNT6,2.1904776057719397e-21
PCOLCE2,2.071889130268564e-21
LOC105377975,0.0
TNIP3,0.0
LINC00649,0.0
LINC00659,0.0
LINC01602,0.0
TNK2,0.0
LOC105376360,0.0
TNNI2,0.0
LOC151174,0.0
LOC105375690,0.0
LOC105374205,0.0
TNS2,0.0
ALG1L,0.0
ABCA9,0.0
TOGARAM2,0.0
LOC105372633,0.0
TONSL-AS1,0.0
LOC105379511,0.0
TNFRSF17,0.0
LOC105371998,0.0
LINC01301,0.0
LOC442028,0.0
LOC440982,0.0
ADORA2A-AS1,0.0
LOC414300,0.0
LOC400655,0.0
CA3-AS1,0.0
LINC01585,0.0
ZNF33BP1,0.0
AIM2,0.0
C9orf153,0.0
LOC339529,0.0
LOC339059,0.0
LOC286178,0.0
LINC00612,0.0
LOC284950,0.0
LOC283335,0.0
ZNF30-AS1,0.0
C6orf132,0.0
ASB15,0.0
LINC01667,0.0
LOC102723566,0.0
LOC102723439,0.0
LOC102723313,0.0
LOC101929657,0.0
TRIM72,0.0
LOC101929512,0.0
C1QTNF1,0.0
LOC101929415,0.0
LOC101929380,0.0
LOC101929372,0.0
TRNP1,0.0
LOC101929340,0.0
LOC101929163,0.0
LINC01793,0.0
LOC101929162,0.0
LOC101929134,0.0
LOC101929109,0.0
TSC22D1-AS1,0.0
TRIM3,0.0
LOC102723709,0.0
LOC554206,0.0
LINC01772,0.0
C3orf67,0.0
LOC105371849,0.0
LOC105371083,0.0
LINC01678,0.0
ALOX15,0.0
LOC105369691,0.0
LOC105369438,0.0
C2orf66,0.0
LOC102724927,0.0
LOC102724580,0.0
LINC01741,0.0
LINC01771,0.0
AMIGO2,0.0
LOC102724297,0.0
ABCC9,0.0
TREM2,0.0
LOC102724064,0.0
TMEM86B,0.0
TMEM45A,0.0
TMEM51,0.0
TLX1NB,0.0
ADIPOQ,0.0
LINC01415,0.0
LYPD5,0.0
CBLN3,0.0
ZNF503-AS2,0.0
CATSPERG,0.0
LYPD4,0.0
LY86-AS1,0.0
LY6G5B,0.0
CATIP,0.0
LINC01424,0.0
LTF,0.0
CASZ1,0.0
TLE6,0.0
TLL2,0.0
CASP5,0.0
KIR2DL4,0.0
THRSP,0.0
M1AP,0.0
ADGRL4,0.0
MAMDC4,0.0
ADAM20,0.0
MAP3K10,0.0
LINC01311,0.0
KIAA1161,0.0
LINC01314,0.0
KIAA1324L,0.0
TGFA,0.0
ZNF560,0.0
LINC01359,0.0
ADAMTS9,0.0
LINC01315,0.0
LINC01355,0.0
KIAA1549,0.0
CCDC136,0.0
KIAA1656,0.0
MAB21L2,0.0
LTBP2,0.0
ADM2,0.0
TMEM47,0.0
LRRC8E,0.0
LINC01515,0.0
LINC01541,0.0
TMEM198B,0.0
KLRC4,0.0
KLRK1,0.0
TMEM202-AS1,0.0
TMEM204,0.0
KNG1,0.0
ZNF396,0.0
LINC00566,0.0
LOC729681,0.0
TMEM255A,0.0
LINC01562,0.0
LINC01565,0.0
LOC729296,0.0
LOC654841,0.0
C17orf99,0.0
CADM1,0.0
ZNF418,0.0
ADNP-AS1,0.0
LINC01447,0.0
TMCC3,0.0
CAPSL,0.0
KITLG,0.0
CAPN11,0.0
KIZ-AS1,0.0
LINC00368,0.0
LINC00485,0.0
LINC01468,0.0
LRRC3,0.0
TMEM132B,0.0
LRRC69,0.0
CALHM1,0.0
CADPS2,0.0
LRRC61,0.0
KLHL35,0.0
LINC00487,0.0
LOC101929095,0.0
LOC101928936,0.0
LINC00861,0.0
VNN3,0.0
AQP11,0.0
LOC100507557,0.0
ARHGAP24,0.0
BATF2,0.0
LOC100507424,0.0
LMO3,0.0
ARHGAP31-AS1,0.0
LENG9,0.0
ACSM1,0.0
LOC100506804,0.0
LOC100506258,0.0
LOC100128361,0.0
LOC100506022,0.0
LOC100422556,0.0
B3GNT9,0.0
ZNF728,0.0
VLDLR,0.0
LANCL1-AS1,0.0
VCAM1,0.0
VAV3-AS1,0.0
BCAS1,0.0
BCL2L10,0.0
LINC02447,0.0
TEX11,0.0
LINC02449,0.0
LGALS4,0.0
LOC101927018,0.0
LIVAR,0.0
LOC101926944,0.0
VASN,0.0
USP6,0.0
LL22NC01-81G9.3,0.0
LL22NC03-63E9.3,0.0
L3MBTL4-AS1,0.0
BBS12,0.0
LOC101926889,0.0
VANGL2,0.0
ACTA1,0.0
ZBTB42,0.0
ANP32A-IT1,0.0
B3GNT3,0.0
WISP1,0.0
WNT16,0.0
WNT2B,0.0
ASXL3,0.0
ASPRV1,0.0
LCN10,0.0
XACT,0.0
XCL1,0.0
XCL2,0.0
LCN6,0.0
ASAH2B,0.0
XPNPEP2,0.0
ASPHD1,0.0
LOC100132831,0.0
ASNSP1,0.0
ASMTL-AS1,0.0
ASAP1-IT1,0.0
WFDC3,0.0
ATOH8,0.0
LOC100131655,0.0
LOC100289333,0.0
LOC100128593,0.0
LOC100420587,0.0
AURKAPS1,0.0
ZBBX,0.0
LBX2,0.0
VSIG10L,0.0
VSX1,0.0
LINC01226,0.0
ART3,0.0
LOC100288911,0.0
ATP1A3,0.0
ATP1A2,0.0
ATP13A4,0.0
LOC100288123,0.0
LOC100130331,0.0
LBX2-AS1,0.0
USP27X-AS1,0.0
L3MBTL1,0.0
ASB9P1,0.0
LOC101927919,0.0
C14orf105,0.0
TTPA,0.0
ANK3,0.0
ZNF177,0.0
LOC101928307,0.0
LOC101928269,0.0
TUBA3C,0.0
LINC01962,0.0
LOC101928103,0.0
LINC01976,0.0
LGMN,0.0
C11orf65,0.0
ANKRD20A4-ANKRD20A20P,0.0
C10orf67,0.0
LOC101927932,0.0
LINC01273,0.0
LINC02145,0.0
TTLL11,0.0
LOC101928401,0.0
LINC00923,0.0
TSPAN9,0.0
TSHB,0.0
TSL,0.0
LOC101928909,0.0
LOC101928855,0.0
ZNF205,0.0
LINC01879,0.0
LINC00865,0.0
LINC01299,0.0
LOC101928595,0.0
LINC01907,0.0
TSSK4,0.0
C16orf89,0.0
LOC101928674,0.0
TTC16,0.0
ZNF185,0.0
LINC00920,0.0
ZIM3,0.0
ZIM2,0.0
LINC01134,0.0
LOC101927827,0.0
BGLAP,0.0
BEST4,0.0
BEST3,0.0
UMODL1-AS1,0.0
LOC101927190,0.0
LOC101927136,0.0
UNC5B-AS1,0.0
LINC01061,0.0
LINC02400,0.0
UNC80,0.0
UPB1,0.0
LOC101927070,0.0
LINC01063,0.0
LINC02427,0.0
LINC02432,0.0
BDNF-AS,0.0
LOC101927066,0.0
LINC02399,0.0
LOC101927237,0.0
UCP3,0.0
BRCAT54,0.0
BTNL9,0.0
BTN2A3P,0.0
LINC01036,0.0
BTBD9-AS1,0.0
BRSK1,0.0
LOC101927817,0.0
BRDT,0.0
LOC101927809,0.0
LGALSL,0.0
BMP8A,0.0
BMP3,0.0
ZIC1,0.0
UBXN7-AS1,0.0
LOC101927482,0.0
LOC101927472,0.0
ABI3BP,0.0
USP35,0.0
FAM110B,0.0
TENM1,0.0
GLUD1P7,0.0
PDGFRA,0.0
DDIT4L,0.0
PDE9A,0.0
DCDC1,0.0
PDCD1LG2,0.0
DBIL5P,0.0
GOLGA8IP,0.0
PCDHGB7,0.0
PCDHGA10,0.0
PCDHB9,0.0
PCBP4,0.0
PBX4,0.0
SCARNA5,0.0
SCGB1B2P,0.0
PATL2,0.0
PARD6G,0.0
CYP4F22,0.0
PAPPA,0.0
SCRG1,0.0
GPBAR1,0.0
CYP2J2,0.0
DDX11L16,0.0
DENND5B-AS1,0.0
PAK3,0.0
DES,0.0
DLL1,0.0
DLK2,0.0
PHYHD1,0.0
DLEU7-AS1,0.0
DLC1,0.0
GJA9,0.0
DISP1,0.0
DIRAS3,0.0
PGR,0.0
PFN4,0.0
PFKFB2,0.0
PEX12,0.0
PEX11G,0.0
RUNDC3A,0.0
PERP,0.0
PERM1,0.0
DGKB,0.0
PDZK1IP1,0.0
DGCR11,0.0
DFNA5,0.0
GLIPR1L1,0.0
CYP27B1,0.0
GPM6B,0.0
NRG1,0.0
OR1C1,0.0
CSNK1G2-AS1,0.0
OLR1,0.0
GPR75,0.0
GPRC5A,0.0
NUPR1,0.0
SGSM1,0.0
CRYBA4,0.0
SH3GL3,0.0
GRIN3A,0.0
SHISA9,0.0
GRM1,0.0
NUDT10,0.0
SIAH3,0.0
NT5M,0.0
GUSBP2,0.0
SIGLEC11,0.0
NRP2,0.0
SIM2,0.0
NRIR,0.0
CRTC3-AS1,0.0
SIRPG,0.0
GPR3,0.0
OR2L2,0.0
GPR135,0.0
CTB-113P19.1,0.0
P3H3,0.0
CYB561D1,0.0
CXCL6,0.0
GPR137,0.0
SEC23A-AS1,0.0
GPR162,0.0
CXCL16,0.0
GPR176,0.0
OXER1,0.0
CTGF,0.0
SEMA4F,0.0
OXCT1-AS1,0.0
GPR19,0.0
SEMA6C,0.0
ORM2,0.0
SENP8,0.0
SEPT3,0.0
SEPT7P9,0.0
CTCFL,0.0
OR52K2,0.0
CTC-338M12.4,0.0
RPS6KA2,0.0
DMTN,0.0
DNAH6,0.0
PRPH2,0.0
RCOR2,0.0
RDH5,0.0
RDM1,0.0
REEP1,0.0
EPN2-IT1,0.0
RELL2,0.0
PRMT5-AS1,0.0
EPHB1,0.0
EPHA2,0.0
PRG4,0.0
FBXL2,0.0
PRC1-AS1,0.0
ENO4,0.0
RGPD1,0.0
RGS9BP,0.0
PPP2R2C,0.0
RHBDL1,0.0
RHBDL3,0.0
ELMO3,0.0
PPP1R26-AS1,0.0
FFAR4,0.0
FAP,0.0
PRR16,0.0
GEM,0.0
FANK1,0.0
FAM177B,0.0
FAM180B,0.0
FABP3,0.0
FAM181B,0.0
RAET1E,0.0
RAET1K,0.0
FAM183BP,0.0
EXTL3-AS1,0.0
PWAR1,0.0
FAM20A,0.0
RAPGEF5,0.0
RAPGEFL1,0.0
EXOC3L2,0.0
FAM222A-AS1,0.0
FAM238A,0.0
FAM27E3,0.0
FAM71E1,0.0
PTCSC2,0.0
FAM85B,0.0
PSD2,0.0
FAM87B,0.0
RILPL1,0.0
RIN1,0.0
ELF5,0.0
ELAVL3,0.0
DUSP26,0.0
PLUT,0.0
PLS3-AS1,0.0
FRS3,0.0
FSIP2,0.0
DSP,0.0
DSEL,0.0
FSTL5,0.0
DRAXIN,0.0
PLA2G4C,0.0
DPYD-AS1,0.0
DPY19L2P4,0.0
GALNT15,0.0
DPY19L2P1,0.0
PIPOX,0.0
DPH6-AS1,0.0
DPF1,0.0
GCM1,0.0
DNASE1L3,0.0
GCOM1,0.0
PIFO,0.0
DYDC2,0.0
ROPN1L-AS1,0.0
ROBO2,0.0
FLJ37201,0.0
FGF16,0.0
FGF7P6,0.0
FGF9,0.0
FIGN,0.0
EGR4,0.0
EFCAB6,0.0
EFCAB3,0.0
POU4F1,0.0
RND1,0.0
EEF1DP3,0.0
FPGT-TNNI3K,0.0
EDNRB-AS1,0.0
FLJ42393,0.0
FLRT3,0.0
RNF165,0.0
ECEL1P2,0.0
FLVCR2,0.0
PODNL1,0.0
RNF212B,0.0
EBI3,0.0
GXYLT1P3,0.0
CPT1C,0.0
MAP3K14,0.0
SSBP3-AS1,0.0
MOCOS,0.0
CEACAM22P,0.0
ST14,0.0
ITLN1,0.0
ITPR1-AS1,0.0
ST7-AS1,0.0
ST7-OT3,0.0
MMP9,0.0
CEACAM1,0.0
CDR2L,0.0
MMP8,0.0
CDKN2B,0.0
STC1,0.0
CDKL4,0.0
CDKL2,0.0
IYD,0.0
CDK5R1,0.0
STK31,0.0
MLANA,0.0
IZUMO4,0.0
JAG2,0.0
ITIH5,0.0
CELSR3,0.0
MIR644A,0.0
CENPS-CORT,0.0
IDUA,0.0
SPAG17,0.0
MYCBPAP,0.0
MYBPC3,0.0
IFNB1,0.0
IGFBP3,0.0
IGSF3,0.0
IGSF8,0.0
CHRNA3,0.0
IL10,0.0
CHRM3-AS2,0.0
SPON2,0.0
IL20RB,0.0
CGN,0.0
MSH4,0.0
MS4A1,0.0
CFLAR-AS1,0.0
INSL3,0.0
ITFG1-AS1,0.0
MRO,0.0
CEP112,0.0
MIRLET7I,0.0
CD3E,0.0
NR2E3,0.0
MFSD7,0.0
CCL22,0.0
METTL21C,0.0
TAS2R43,0.0
TAS2R50,0.0
KCNRG,0.0
MEIG1,0.0
MCC,0.0
MC1R,0.0
TBX1,0.0
CCDC36,0.0
TCEA3,0.0
CCDC24,0.0
TCEAL7,0.0
MAST1,0.0
CCDC188,0.0
MASP2,0.0
KDELR3,0.0
KDM8,0.0
TDRP,0.0
MAP6D1,0.0
TEF,0.0
KCNK12,0.0
KCNH8,0.0
MIR600HG,0.0
TAC4,0.0
MIR4713HG,0.0
MIR4469,0.0
STXBP6,0.0
CD28,0.0
MIR4292,0.0
CD200R1,0.0
CD1A,0.0
JPH3,0.0
JPH4,0.0
MID1,0.0
CD163,0.0
SYCE1,0.0
KCNC4,0.0
CD160,0.0
CCR6,0.0
SYNPO2,0.0
SYNPO2L,0.0
KCNH6,0.0
CCL7,0.0
SYT2,0.0
SYT5,0.0
SPACA6P-AS,0.0
SOX6,0.0
MYEOV,0.0
NLGN2,0.0
SLC36A2,0.0
COL4A1,0.0
COL23A1,0.0
NKPD1,0.0
NKAIN4,0.0
SLC51A,0.0
SLC6A2,0.0
SLC6A20,0.0
HAS3,0.0
NIPAL4,0.0
SLC8A1-AS1,0.0
COL11A2,0.0
HCAR3,0.0
HCN2,0.0
NHS,0.0
HDAC11,0.0
SLFNL1,0.0
COBL,0.0
HECW2,0.0
SMCR5,0.0
CNBD2,0.0
SLC35G6,0.0
NLGN3,0.0
IAPP,0.0
HAS2-AS1,0.0
NPTX1,0.0
CPLX1,0.0
SLC15A3,0.0
CORO2B,0.0
NPIPB13,0.0
NPHS1,0.0
NPAP1,0.0
SLC24A5,0.0
CORIN,0.0
NOV,0.0
COQ10A,0.0
COLQ,0.0
NOS3,0.0
COL7A1,0.0
GZMK,0.0
SLC26A11,0.0
SLC26A4,0.0
SLC26A8,0.0
H19,0.0
NMRAL2P,0.0
HAS2,0.0
SMIM2,0.0
HES4,0.0
CLPSL2,0.0
NEURL1,0.0
NCAM2,0.0
SNORD46,0.0
SNORD58C,0.0
SNORD61,0.0
SNORD65,0.0
SNORD74,0.0
CLDN19,0.0
HOXB-AS1,0.0
SNRK-AS1,0.0
HOXC10,0.0
HRK,0.0
HSD17B6,0.0
SNX32,0.0
SOCS1,0.0
MYOM3,0.0
CLCF1,0.0
MYOG,0.0
MYO18B,0.0
SOX13,0.0
SOX15,0.0
MYL5,0.0
SNORD43,0.0
SNORD3P3,0.0
HNF4G,0.0
HHAT,0.0
NEO1,0.0
SND1-IT1,0.0
CLIC3,0.0
HEY1,0.0
CLEC4G,0.0
NELL2,0.0
HFE,0.0
SNORA40B,0.0
SNORA44,0.0
HHIP-AS1,0.0
SNORD34,0.0
SNORA70,0.0
SNORA71B,0.0
SNORA78,0.0
HHIPL1,0.0
HID1,0.0
SNORD12,0.0
SNORD14C,0.0
NCR1,0.0
HMCN2,0.0
SUGCT,0.0
